Workbook

Sheet Dane
B2: KALKULATOR NK38 - DANE WEJŚCIOWE
B3: Wypełniasz tylko żółte pola. Puste pole = 0 lub wartość automatyczna. Wynik: arkusz Podsumowanie.
B5: 1. Inwestycja
B6: Nazwa / adres inwestycji | C6: ul. ...
B7: Data oferty
B8: Nr oferty / handlowiec | C8: SNK
B9: Opis / wariant (H, L, P, Hpoj ...)
B11: 2. Lokalizacja
B12: Lokalizacja | C12: Poza Krakowem | E12: Kraków: montaż w dniach, 20 km, bez hotelu i diet
B13: Odległość od Krakowa [km, faktyczna, w jedną stronę] | C13: 0 | E13: Pomiary = ta odległość, montaż = +50 km
B14: Nadpisz: km na pomiary / odbiory | E14: puste = automatycznie
B15: Nadpisz: km na montaż | E15: puste = automatycznie
B17: 3. Urządzenia
B18: Typ urządzenia | C18: NK38
B19: Platformy pojedyncze S (2 MP) | C19: 0
B20: Platformy podwójne D (4 MP) | C20: 0
B21: Systemy dla N.P. (2 MP, liczone jak D) | C21: 0
B22: Agregaty | C22: 0 | E22: Zależy od układu garażu (1 agregat do 6 platform)
B23: Magistrala EXTRA [odcinki 6 m] | C23: 0
B24: Barierki [szt. na stronę] | C24: 0
B25: Maskownice / bariery tylne | C25: 0
B26: Utrudnienia - dodatkowe osobodni (ręcznie) | C26: 0 | E26: Doliczane do utrudnień z magistrali i barierek (dawny 'tonaż')
B28: 4. Wymiary niestandardowe (ile platform danego typu)
C29: S | D29: D | E29: Pozostałe platformy = wymiar standardowy (250/500, 170, 530) | F29: (pomocnicze do opisu)
B30: Zagłębienie 175 cm | C30: 0 | D30: 0 | F30: =IF(C30+D30>0,"; 175 cm: "&IF(C30>0,C30&"S","")&IF(AND(C30>0,D30>0),"+","")&IF(D30>0,D30&"D",""),"")
B31: Zagłębienie 180 cm | C31: 0 | D31: 0 | F31: =IF(C31+D31>0,"; 180 cm: "&IF(C31>0,C31&"S","")&IF(AND(C31>0,D31>0),"+","")&IF(D31>0,D31&"D",""),"")
B32: Zagłębienie 185 cm | C32: 0 | D32: 0 | F32: =IF(C32+D32>0,"; 185 cm: "&IF(C32>0,C32&"S","")&IF(AND(C32>0,D32>0),"+","")&IF(D32>0,D32&"D",""),"")
B33: Zagłębienie 190 cm | C33: 0 | D33: 0 | F33: =IF(C33+D33>0,"; 190 cm: "&IF(C33>0,C33&"S","")&IF(AND(C33>0,D33>0),"+","")&IF(D33>0,D33&"D",""),"")
B34: Zagłębienie 195 cm | C34: 0 | D34: 0 | F34: =IF(C34+D34>0,"; 195 cm: "&IF(C34>0,C34&"S","")&IF(AND(C34>0,D34>0),"+","")&IF(D34>0,D34&"D",""),"")
B35: Zagłębienie 200 cm | C35: 0 | D35: 0 | F35: =IF(C35+D35>0,"; 200 cm: "&IF(C35>0,C35&"S","")&IF(AND(C35>0,D35>0),"+","")&IF(D35>0,D35&"D",""),"")
B36: Zagłębienie 210 cm | C36: 0 | D36: 0 | F36: =IF(C36+D36>0,"; 210 cm: "&IF(C36>0,C36&"S","")&IF(AND(C36>0,D36>0),"+","")&IF(D36>0,D36&"D",""),"")
B37: Zagłębienie 220 cm | C37: 0 | D37: 0 | F37: =IF(C37+D37>0,"; 220 cm: "&IF(C37>0,C37&"S","")&IF(AND(C37>0,D37>0),"+","")&IF(D37>0,D37&"D",""),"")
B38: Zagłębienie 225 cm | C38: 0 | D38: 0 | F38: =IF(C38+D38>0,"; 225 cm: "&IF(C38>0,C38&"S","")&IF(AND(C38>0,D38>0),"+","")&IF(D38>0,D38&"D",""),"")
B39: Zagłębienie 170 cm (standard) - wyliczone | C39: =in_S-SUM(in_gl_S) -> 0 | D39: =in_D-SUM(in_gl_D) -> 0
B40: Szerokość 260 (S) / 520 (D) | C40: 0 | D40: 0 | F40: =IF(C40+D40>0,"; szer. 260 (S) / 520 (D): "&IF(C40>0,C40&"S","")&IF(AND(C40>0,D40>0),"+","")&IF(D40>0,D40&"D",""),"")
B41: Szerokość 270 (S) / 540 (D) | C41: 0 | D41: 0 | F41: =IF(C41+D41>0,"; szer. 270 (S) / 540 (D): "&IF(C41>0,C41&"S","")&IF(AND(C41>0,D41>0),"+","")&IF(D41>0,D41&"D",""),"")
B42: Długość zagłębienia 500-510 cm | C42: 0 | D42: 0 | F42: =IF(C42+D42>0,"; dł. 500-510 cm: "&IF(C42>0,C42&"S","")&IF(AND(C42>0,D42>0),"+","")&IF(D42>0,D42&"D",""),"")
B43: Długość zagłębienia 540 cm | C43: 0 | D43: 0 | F43: =IF(C43+D43>0,"; dł. 540 cm: "&IF(C43>0,C43&"S","")&IF(AND(C43>0,D43>0),"+","")&IF(D43>0,D43&"D",""),"")
B44: Długość zagłębienia 550 cm | C44: 0 | D44: 0 | F44: =IF(C44+D44>0,"; dł. 550 cm: "&IF(C44>0,C44&"S","")&IF(AND(C44>0,D44>0),"+","")&IF(D44>0,D44&"D",""),"")
F45: =MID(F30&F31&F32&F33&F34&F35&F36&F37&F38,3,500)
B46: 5. Transport i ekipa | F46: =MID(F40&F41&F42&F43&F44,3,500)
B47: Liczba transportów (TIR) | C47: 0
B48: Cena transportu / TIR | C48: 0 | E48: Orientacyjnie: KRK 1600, WAW/WRO 3300, POZ/ZG 4500
B49: Rozładunek - sprzęt / TIR | C49: 0 | E49: WAW 1700, KRK 500
B50: Nadpisz: dni rozładunku | E50: puste = 0,5 dnia / TIR
B51: Liczba osób na montażu | C51: 4 | E51: Stawki: 500 / 400 / każda kolejna 350 zł. Zobacz analizę liczby osób w Podsumowaniu
B52: Nadpisz: tygodnie (Kraków: dni) montażu | E52: puste = automatycznie
B53: Wzór czasu podróży | C53: Stary (poprawiony) | E53: Patrz uwagi w Podsumowaniu
B55: 6. Narzuty i kurs
B56: Zysk (udział w cenie) | C56: 0.125
B57: Zysk do sprawdzenia 'do ilu zejdziemy' (cena minimalna) | C57: 0.1
B58: Dopłata za Q=2500 kg | C58: =c_q2500 -> 0.07 | E58: domyślnie 7% z Cennika
B59: Kurs EUR/PLN | C59: 4.325
B60: Analiza liczby osób dla wariantu | C60: 2000 kg
B62: Kontrola danych
B63: =IF(OR(C39<0,D39<0),"BŁĄD: więcej zagłębień niż platform","ok") -> ok
B64: =IF(OR(in_szer1_S+in_szer2_S>in_S,in_szer1_D+in_szer2_D>in_D),"BŁĄD: więcej szerokości niż platform","ok") -> ok
B65: =IF(OR(in_dl500_S+in_dl540_S+in_dl550_S>in_S,in_dl500_D+in_dl540_D+in_dl550_D>in_D),"BŁĄD: więcej długości niż platform","ok") -> ok
B66: =IF(in_agregaty*6<in_S+in_D+in_NP,"UWAGA: mniej niż 1 agregat na 6 platform","ok") -> ok
B67: =IF(in_S+in_D+in_NP=0,"UWAGA: brak platform",IF(in_tir=0,"UWAGA: brak transportów","ok")) -> UWAGA: brak platform
B68: =IF(AND(in_lok="Poza Krakowem",in_km=0),"UWAGA: brak odległości od Krakowa","ok") -> UWAGA: brak odległości od Krakowa

Sheet Podsumowanie
B2: PODSUMOWANIE OFERTY NK38
B3: =in_nazwa&" | "&IF(ISBLANK(in_data),"",TEXT(in_data,"yyyy-mm-dd"))&" | "&in_nr -> ul. ... | | SNK
B4: =in_typ&" "&IF(in_S>0,in_S&"S250","")&IF(AND(in_S>0,in_D>0),"+","")&IF(in_D>0,in_D&"D500","")&IF(in_NP>0,"+"&in_NP&"NP","")&", "&in_agregaty&"A | "&m_MP&" MP | "&in_lok -> NK38 , 0A | 0 MP | Poza Krakowem
B6: Wariant | C6: 2000 kg | D6: 2500 kg | E6: 2000 kg + słupki | F6: 2500 kg + słupki
B7: CENA KONTRAKTU NETTO | C7: =Obliczenia!D70 -> 1813.142 | D7: =Obliczenia!E70 -> 1813.142 | E7: =Obliczenia!F70 -> 1813.142 | F7: =Obliczenia!G70 -> 1813.142
B8: Cena za miejsce postojowe | C8: =Obliczenia!D72 -> 0 | D8: =Obliczenia!E72 -> 0 | E8: =Obliczenia!F72 -> 0 | F8: =Obliczenia!G72 -> 0
B9: Cena za MP [EUR] | C9: =Obliczenia!D73 -> 0 | D9: =Obliczenia!E73 -> 0 | E9: =Obliczenia!F73 -> 0 | F9: =Obliczenia!G73 -> 0
B10: Cena minimalna (zysk do sprawdzenia) | C10: =Obliczenia!D75 -> 1756.4017 | D10: =Obliczenia!E75 -> 1756.4017 | E10: =Obliczenia!F75 -> 1756.4017 | F10: =Obliczenia!G75 -> 1756.4017
B11: Zysk | C11: =Obliczenia!D68 -> 216.64201 | D11: =Obliczenia!E68 -> 216.64201 | E11: =Obliczenia!F68 -> 216.64201 | F11: =Obliczenia!G68 -> 216.64201
B12: Koszt rzeczywisty | C12: =Obliczenia!D71 -> 1596.4999 | D12: =Obliczenia!E71 -> 1596.4999 | E12: =Obliczenia!F71 -> 1596.4999 | F12: =Obliczenia!G71 -> 1596.4999
B14: Urządzenia (materiały) | C14: =Obliczenia!D53 -> 0 | D14: =Obliczenia!E53 -> 0 | E14: =Obliczenia!F53 -> 0 | F14: =Obliczenia!G53 -> 0
B15: Słupki e-ładowarek | C15: =Obliczenia!D54 -> 0 | D15: =Obliczenia!E54 -> 0 | E15: =Obliczenia!F54 -> 0 | F15: =Obliczenia!G54 -> 0
B16: Transport, dźwig, rozładunek | C16: =Obliczenia!D57+Obliczenia!D58+Obliczenia!D59 -> 0 | D16: =Obliczenia!E57+Obliczenia!E58+Obliczenia!E59 -> 0 | E16: =Obliczenia!F57+Obliczenia!F58+Obliczenia!F59 -> 0 | F16: =Obliczenia!G57+Obliczenia!G58+Obliczenia!G59 -> 0
B17: Robocizna (montaż, rozładunek, dojazdy) | C17: =Obliczenia!D62+Obliczenia!D60+Obliczenia!D61 -> 280 | D17: =Obliczenia!E62+Obliczenia!E60+Obliczenia!E61 -> 280 | E17: =Obliczenia!F62+Obliczenia!F60+Obliczenia!F61 -> 280 | F17: =Obliczenia!G62+Obliczenia!G60+Obliczenia!G61 -> 280
B18: Hotel, diety, paliwo | C18: =Obliczenia!D56+Obliczenia!D63+Obliczenia!D55 -> 1184.5 | D18: =Obliczenia!E56+Obliczenia!E63+Obliczenia!E55 -> 1184.5 | E18: =Obliczenia!F56+Obliczenia!F63+Obliczenia!F55 -> 1184.5 | F18: =Obliczenia!G56+Obliczenia!G63+Obliczenia!G55 -> 1184.5
B19: KOB + GDW + podatek | C19: =Obliczenia!D66+Obliczenia!D67+Obliczenia!D69 -> 131.99994 | D19: =Obliczenia!E66+Obliczenia!E67+Obliczenia!E69 -> 131.99994 | E19: =Obliczenia!F66+Obliczenia!F67+Obliczenia!F69 -> 131.99994 | F19: =Obliczenia!G66+Obliczenia!G67+Obliczenia!G69 -> 131.99994
B21: Dni pracy ekipy | C21: =Obliczenia!D51 -> 1 | D21: =Obliczenia!E51 -> 1 | E21: =Obliczenia!F51 -> 1 | F21: =Obliczenia!G51 -> 1
B22: Tygodnie (Kraków: dni) montażu | C22: =Obliczenia!D48 -> 1 | D22: =Obliczenia!E48 -> 1 | E22: =Obliczenia!F48 -> 1 | F22: =Obliczenia!G48 -> 1
B23: Osobodni razem | C23: =Obliczenia!D50 -> 0.7 | D23: =Obliczenia!E50 -> 0.7 | E23: =Obliczenia!F50 -> 0.7 | F23: =Obliczenia!G50 -> 0.7
B25: Opcje do oferty (cena z narzutami) | C25: Q=2000 kg | D25: Q=2500 kg
B26: Słupki e-ładowarek 3,7 kW (z robocizną) | C26: =Obliczenia!F70-Obliczenia!D70 -> 0 | D26: =Obliczenia!G70-Obliczenia!E70 -> 0
B27: Słupki e-ładowarek 22 kW (z robocizną) | C27: =Obliczenia!F70-Obliczenia!D70+(c_slupek22-c_slupek)*m_MP*e_mnoznik -> 0 | D27: =Obliczenia!G70-Obliczenia!E70+(c_slupek22-c_slupek)*m_MP*e_mnoznik -> 0
B28: Malowanie proszkowe RAL | C28: =m_malowanie*e_mnoznik -> 0 | D28: =m_malowanie*e_mnoznik -> 0
B30: ="Analiza liczby osób - wariant: "&in_analiza -> Analiza liczby osób - wariant: 2000 kg
B31: Liczba osób | C31: 2 os. | D31: 3 os. | E31: 4 os. | F31: 5 os. | G31: 6 os. | H31: 7 os.
B32: Cena kontraktu | C32: =Obliczenia!I70 -> 998.43399 | D32: =Obliczenia!J70 -> 1405.788 | E32: =Obliczenia!K70 -> 1813.142 | F32: =Obliczenia!L70 -> 2220.4959 | G32: =Obliczenia!M70 -> 2627.8499 | H32: =Obliczenia!N70 -> 3035.2039
B33: Cena za MP | C33: =Obliczenia!I72 -> 0 | D33: =Obliczenia!J72 -> 0 | E33: =Obliczenia!K72 -> 0 | F33: =Obliczenia!L72 -> 0 | G33: =Obliczenia!M72 -> 0 | H33: =Obliczenia!N72 -> 0
B34: Dni pracy ekipy | C34: =Obliczenia!I51 -> 1 | D34: =Obliczenia!J51 -> 1 | E34: =Obliczenia!K51 -> 1 | F34: =Obliczenia!L51 -> 1 | G34: =Obliczenia!M51 -> 1 | H34: =Obliczenia!N51 -> 1
B35: Tygodnie (Kraków: dni) | C35: =Obliczenia!I48 -> 1 | D35: =Obliczenia!J48 -> 1 | E35: =Obliczenia!K48 -> 1 | F35: =Obliczenia!L48 -> 1 | G35: =Obliczenia!M48 -> 1 | H35: =Obliczenia!N48 -> 1
B36: Hotel + diety | C36: =Obliczenia!I56+Obliczenia!I63 -> 535.75 | D36: =Obliczenia!J56+Obliczenia!J63 -> 803.625 | E36: =Obliczenia!K56+Obliczenia!K63 -> 1071.5 | F36: =Obliczenia!L56+Obliczenia!L63 -> 1339.375 | G36: =Obliczenia!M56+Obliczenia!M63 -> 1607.25 | H36: =Obliczenia!N56+Obliczenia!N63 -> 1875.125
B37: Zielone = najtańsza liczba osób
B39: Zestawienie do oferty
B40: Urządzenia | C40: =in_typ&": "&IF(in_S>0,in_S&" x S (2 MP) ","")&IF(in_D>0,in_D&" x D (4 MP) ","")&IF(in_NP>0,in_NP&" x N.P. ","")&"= "&m_MP&" MP" -> NK38: = 0 MP
B41: Agregaty | C41: =in_agregaty&" szt." -> 0 szt.
B42: Zagłębienia niestandardowe | C42: =IF(t_zaglebienia="","standard 170 cm",t_zaglebienia) -> standard 170 cm
B43: Wymiary niestandardowe | C43: =IF(t_wymiary="","standard",t_wymiary) -> standard
B44: Magistrala EXTRA / barierki / maskownice | C44: =in_magistrala&" x 6 m / "&in_barierki&" szt. / "&in_maskownice&" szt." -> 0 x 6 m / 0 szt. / 0 szt.
B45: Utrudnienia [osobodni] | C45: =m_utr&" (z magistrali i barierek "&m_utr_auto&", ręcznie "&in_utr_dod&")" -> 0 (z magistrali i barierek 0, ręcznie 0)
B46: Lokalizacja | C46: =in_lok&IF(e_krk,""," ("&in_km&" km od Krakowa)") -> Poza Krakowem (0 km od Krakowa)
B47: Km pomiary / montaż | C47: =e_km_pom&" / "&e_km_mon&" km" -> 0 / 50 km
B48: Transport | C48: =in_tir&" TIR x "&TEXT(in_tir_cena,"#,##0")&" zł, rozładunek "&TEXT(in_rozl_cena,"#,##0")&" zł/TIR, "&e_rozl_dni&" dni" -> 0 TIR x 0 zł, rozładunek 0 zł/TIR, 0 dni
B49: Ekipa | C49: =in_osoby&" osób, średnia stawka "&TEXT(Obliczenia!D41,"#,##0")&" zł/dzień" -> 4 osób, średnia stawka 400 zł/dzień
B50: Dźwig | C50: =e_dzw_dni&" dni" -> 0 dni
B51: Czas montażu (bez słupków) | C51: =Obliczenia!D51&" dni pracy = "&Obliczenia!D48&IF(e_krk," dni"," tyg.")&", "&TEXT(Obliczenia!D50,"0.0")&" osobodni" -> 1 dni pracy = 1 tyg., 0.7 osobodni
B52: Czas montażu (ze słupkami) | C52: =Obliczenia!F51&" dni pracy = "&Obliczenia!F48&IF(e_krk," dni"," tyg.")&", "&TEXT(Obliczenia!F50,"0.0")&" osobodni" -> 1 dni pracy = 1 tyg., 0.7 osobodni
B53: Zysk / cena minimalna przy | C53: =TEXT(in_zysk,"0.0%")&" / "&TEXT(in_zysk_min,"0.0%") -> 12.5% / 10.0%
B54: Dopłata Q=2500 | C54: =TEXT(in_q2500,"0.0%") -> 7.0%
B55: Wzór czasu podróży | C55: =in_wzor -> Stary (poprawiony)
B56: Konserwacja roczna (40 / 45 / 50 zł/MP/mies.) | C56: =TEXT(c_konserw*m_MP*12,"#,##0")&" / "&TEXT(c_konserw2*m_MP*12,"#,##0")&" / "&TEXT(c_konserw3*m_MP*12,"#,##0")&" zł" -> 0 / 0 / 0 zł
B57: Opis / wariant | C57: =in_opis&""
B59: Kontrola danych: | C59: =IF(COUNTIF(Dane!B63:B68,"ok")=6,"wszystko ok","sprawdź arkusz Dane") -> sprawdź arkusz Dane
B61: Uwagi do sprawdzenia
B62: • Hotel liczony jako (dni pracy + 1) x osoby - do sprawdzenia (może zapas na przyjazd na odbiór).
B63: • Podatek 14% od robocizny, diet, GDW i zysku = wartość efektywna; 'koszt ludzki' w starym arkuszu używał x1,19 - do sprawdzenia.
B64: • Systemy N.P. liczone jak D (siłowniki, składowe, dźwig, 7 osobodni), cena 85% D, 2 MP - do potwierdzenia.
B65: • Czas podróży: wzór 'Stary (poprawiony)' = stary dla < 800 km, dla >= 800 km uwzględnia liczbę wyjazdów. 'Uproszczony' = 2 x km / 650 km dziennie na wyjazd.
B66: • Cena minimalna liczona z dźwigiem 2000 zł/dzień (jak w starej kolumnie N).

Sheet Cennik
B2: CENNIK I STAŁE KALKULACYJNE NK38
B3: Zmiana ceny tutaj działa we wszystkich formułach. Kolumna E = skąd wartość pochodzi w starym arkuszu.
B5: Platformy
B6: Platforma podwójna NK38-500-170-530 (4 MP) | C6: 32500 | E6: NK38!E32
B7: Dopłata za NK37 / system | C7: 700 | E7: NK38!F1
B8: Cena S jako ułamek ceny D | C8: 0.61 | E8: NK38!F3
B9: Cena systemu N.P. jako ułamek ceny D | C9: 0.85 | E9: NK38!E27
B10: Szerokość S 260 cm | C10: 1170 | E10: NK38!E8
B11: Szerokość S 270 cm | C11: 1560 | E11: NK38!E9
B12: Szerokość D 520 cm | C12: 1820 | E12: NK38!E34
B13: Szerokość D 540 cm | C13: 3110 | E13: NK38!E35
B14: Długość zagłębienia 500-510 cm | C14: 2340 | E14: NK38!E21/E47
B15: Dopłata za 1 cm długości (ułamek ceny platformy) | C15: 0.00127 | E15: NK38!E22 (4 kg/cm z 3150 kg)
B16: Dopłata Q=2500 kg (domyślna) | C16: 0.07 | E16: NK38!D90
B17: Hydraulika
B18: Agregat 11,5 l/min (do 6 platform) | C18: 6500 | E18: NK38!E56
B19: Olej 150 l / agregat | C19: 1500 | E19: NK38!D134
B20: Elementy drobne / agregat | C20: 200 | E20: NK38!D135
B21: Transport agregatu | C21: 500 | E21: NK38!F57
B22: Transport siłowników / platformę | C22: 50 | E22: NK38!F57
B23: Siłownik standard (zagł. 170) | C23: 1080 | E23: NK38!D130
B24: Siłownik do zagł. 2000 (też 175 cm) | C24: 1175 | E24: NK38!D129
B25: Siłownik do zagł. 2250 | C25: 1250 | E25: NK38!D128
B26: Magistrala EXTRA / 6 m | C26: =0.2*11+0.4*11+2*14+6*11+6*5+6*10 -> 190.6 | E26: NK38!D133
B27: Barierki, elektryka, administracja
B28: Barierka na stronę (Metazet 538 zł) | C28: 600 | E28: NK38!E66
B29: Maskownica / bariera tylna (Metazet 608 zł) | C29: 700 | E29: NK38!E67
B30: Elektryka - skrzynka zasilająca / agregat | C30: 1000 | E30: NK38!D121
B31: Administracja, koszty biura / agregat | C31: 1800 | E31: NK38!D125
B32: Opcje oferty
B33: Malowanie proszkowe RAL - system S | C33: 6400 | E33: NK38!E92
B34: Malowanie proszkowe RAL - system D / NP | C34: 13500 | E34: NK38!E93
B35: Malowanie barierki na stronę | C35: 200 | E35: NK38!E94
B36: Słupek e-ładowarki do 3,7 kW / MP | C36: 1700 | E36: NK38!E97, KAL!O55
B37: Słupek e-ładowarki do 22 kW / MP | C37: 6300 | E37: NK38!E98
B38: Robocizna słupka (roboczodni / MP) | C38: 0.37 | E38: KAL!B49
B39: Montaż - pracochłonność
B40: Osobodni montażu / system S | C40: 5.5 | E40: KAL!F16
B41: Osobodni montażu / system D | C41: 7 | E41: KAL!F16
B42: Osobodni montażu / system NP | C42: 7 | E42: KAL!F17
B43: Utrudnienia: osobodni / magistrala 6 m | C43: 0.5 | E43: KAL!B48 ('tonaż')
B44: Utrudnienia: osobodni / barierka lub maskownica | C44: 0.5 | E44: KAL!B48 ('tonaż')
B45: Dni rozładunku / TIR | C45: 0.5 | E45: KAL!E55 (komentarz)
B46: Spider Crane / dzień | C46: 2400 | E46: KAL!I25
B47: Spider Crane / dzień - cena minimalna | C47: 2000 | E47: KAL!M25
B48: Systemów D (i NP) na 1 dzień dźwigu | C48: 5 | E48: KAL!J25
B49: Współczynnik S względem D (dźwig) | C49: 0.6 | E49: KAL!J25
B50: Dni montażu w tygodniu (wyjazd co tydzień) | C50: 5 | E50: B55 = J39/5
B51: Montaż - dojazdy
B52: Montaż: km dodane do odległości (nocleg, sklep) | C52: 50 | E52: WAW: 280 -> 330
B53: Kraków: km na pomiary i montaż | C53: 20 | E53: KRK: 20 / 20
B54: Wzór uproszczony: km dziennie | C54: 650 | E54: propozycja
B55: Spalanie auta ekipy l/100 km (1 auto) | C55: 12 | E55: KAL!I19
B56: Cena paliwa zł/l | C56: 9.4 | E56: KAL!I19
B57: Pomiary - liczba osób (1 wyjazd) | C57: 1 | E57: KAL!F53
B58: Odbiory - liczba osób (1 wyjazd) | C58: 2 | E58: KAL!F58
B59: Montaż - koszty ekipy
B60: Stawka dzienna - 1. osoba | C60: 500 | E60: KAL!I47
B61: Stawka dzienna - 2. osoba | C61: 400 | E61: KAL!I48
B62: Stawka dzienna - każda kolejna osoba | C62: 350 | E62: KAL!I49:I53
B63: Dieta dzienna (za granicą 49 €) | C63: 45 | E63: KAL!J57
B64: Hotel / doba / osoba | C64: 130 | E64: KAL!J58
B65: Narzuty
B66: KOB (udział w cenie) | C66: 0.005 | E66: KAL!J35
B67: GDW (udział w cenie) | C67: 0.025 | E67: KAL!J36
B68: Podatek efektywny od robocizny, diet, GDW i zysku | C68: 0.14 | E68: KAL!J37
B69: Serwis (informacyjnie)
B70: Konserwacja zł / MP / miesiąc (wariant 1) | C70: 40 | E70: KAL!I45
B71: Konserwacja zł / MP / miesiąc (wariant 2) | C71: 45 | E71: KAL!L45
B72: Konserwacja zł / MP / miesiąc (wariant 3) | C72: 50 | E72: KAL!N45
B74: Zagłębienia (standard 170 cm: bez dopłaty, siłownik 1700)
B75: Zagłębienie [cm] | C75: Dopłata | D75: Siłownik
B76: 175 | C76: 0 | D76: 2000
B77: 180 | C77: 500 | D77: 2000
B78: 185 | C78: 550 | D78: 2000
B79: 190 | C79: 600 | D79: 2000
B80: 195 | C80: 650 | D80: 2000
B81: 200 | C81: 700 | D81: 2000
B82: 210 | C82: 750 | D82: 2250
B83: 220 | C83: 800 | D83: 2250
B84: 225 | C84: 850 | D84: 2250
B86: Składowe platformy (na 1 platformę; N.P. liczone jak D)
B87: Pozycja | C87: Cena jedn. | D87: Ilość na S | E87: Ilość na D | F87: Grupa
B88: Łańcuch 20B-1 (mb) | C88: 45 | D88: 9.6 | E88: 9.6 | F88: Mechanika
B89: Ogniwo złączne proste 20B-1 | C89: 8 | D89: 4 | E89: 4 | F89: Mechanika
B90: Koło łańcuchowe z piastą 20B-1 Z10 | C90: 36 | D90: 2 | E90: 2 | F90: Mechanika
B91: Koło łańcuchowe z piastą 20B-1 Z16 | C91: 90 | D91: 2 | E91: 2 | F91: Mechanika
B92: Listwa zębata M4 | C92: 207.28 | D92: 2 | E92: 2 | F92: Mechanika
B93: Koło zębate z piastą M4 Z20 | C93: 40.14 | D93: 2 | E93: 2 | F93: Mechanika
B94: Tuleja PAF40x260P10 | C94: 3.3 | D94: 2 | E94: 2 | F94: Mechanika
B95: Tuleja PAF 5025 P10 | C95: 10.8 | D95: 2 | E95: 2 | F95: Mechanika
B96: Tuleja TBR40x44x50 | C96: 10.95 | D96: 2 | E96: 2 | F96: Mechanika
B97: Podkładka PTFE 50,5x69x2 | C97: 3.81 | D97: 2 | E97: 2 | F97: Mechanika
B98: Podkładka PTFE 42x66x1,5 | C98: 2.84 | D98: 4 | E98: 4 | F98: Mechanika
B99: Tuleja PAF40x400P10 | C99: 4.4 | D99: 4 | E99: 4 | F99: Mechanika
B100: Podkładki gumowe pod stopę siłownika i słup (kpl) | C100: =2*25.71+2*22.85 -> 97.12 | D100: 1 | E100: 1 | F100: Mechanika
B101: Śruby i elementy złączne - kpl S | C101: 345 | D101: 1 | E101: 0 | F101: Mechanika
B102: Śruby i elementy złączne - kpl D | C102: 546 | D102: 0 | E102: 1 | F102: Mechanika
B103: Tulejki podłogi | C103: 2.98 | D103: 110 | E103: 208 | F103: Mechanika
B104: Kotwa M16 + ampułka | C104: =3.09+4.99 -> 8.08 | D104: 20 | E104: 20 | F104: Mechanika
...

Sheet Obliczenia
B2: OBLICZENIA (nie edytować)
B4: A. Materiały i urządzenia (dawny arkusz 'NK38 ...')
B5: Cena platformy D | C5: =c_cena_D+IF(in_typ="NK37",c_doplata_NK37,0) -> 32500
B6: Cena platformy S | C6: =c_wsp_S*m_cena_D -> 19825
B7: Cena systemu N.P. | C7: =c_wsp_NP*m_cena_D -> 27625
B8: Platformy D + N.P. (N.P. jak D) | C8: =in_D+in_NP -> 0
B9: Razem platform | C9: =in_S+in_D+in_NP -> 0
B10: Miejsca postojowe | C10: =2*in_S+2*in_NP+4*in_D -> 0
B11: Platformy S z dopłatami | C11: =m_cena_S*in_S+c_szer_260*in_szer1_S+c_szer_270*in_szer2_S+SUMPRODUCT(in_gl_S,t_gl_doplata)+c_dl_500*in_dl500_S+CEILING(m_cena_S*c_dl_wsp*10,100)*in_dl540_S+CEILING(m_cena_S*c_dl_wsp*20,100)*in_dl550_S -> 0
B12: Platformy D z dopłatami | C12: =m_cena_D*in_D+c_szer_520*in_szer1_D+c_szer_540*in_szer2_D+SUMPRODUCT(in_gl_D,t_gl_doplata)+c_dl_500*in_dl500_D+m_cena_D*c_dl_wsp*10*in_dl540_D+m_cena_D*c_dl_wsp*20*in_dl550_D -> 0
B13: Platformy N.P. | C13: =m_cena_NP*in_NP -> 0
B14: Siłowniki 2000 [pary] | C14: =SUMPRODUCT((t_gl_silownik=2000)*(in_gl_S+in_gl_D)) -> 0
B15: Siłowniki 2250 [pary] | C15: =SUMPRODUCT((t_gl_silownik=2250)*(in_gl_S+in_gl_D)) -> 0
B16: Siłowniki standard [pary] (z N.P.) | C16: =m_platformy-m_sil_2000-m_sil_2250 -> 0
B17: Hydraulika | C17: =in_agregaty*(c_agregat+c_hydr_drobne+c_olej+c_transp_agregatu)+m_platformy*c_transp_silownikow+2*(c_sil_1700*m_sil_std+c_sil_2000*m_sil_2000+c_sil_2250*m_sil_2250)+in_magistrala*c_magistrala+SUMPRODUCT((t_sk_grupa="Hydraulika")*t_sk_cena*(t_sk_S*in_S+t_sk_D*m_DN)) -> 0
B18: Barierki i maskownice | C18: =in_barierki*c_barierka+in_maskownice*c_maskownica -> 0
B19: Elektryka | C19: =in_agregaty*c_skrzynka_zasil+SUMPRODUCT((t_sk_grupa="Elektryka")*t_sk_cena*(t_sk_S*in_S+t_sk_D*m_DN)) -> 0
B20: Mechanika zakupowa i pozostałe | C20: =in_agregaty*c_admin+SUMPRODUCT((t_sk_grupa="Mechanika")*t_sk_cena*(t_sk_S*in_S+t_sk_D*m_DN)) -> 0
B21: SUMA STANDARD Q=2000 (dawne F87) | C21: =m_plat_S+m_plat_D+m_plat_NP+m_hydraulika+m_barierki+m_elektryka+m_mechanika -> 0
B22: SUMA Q=2500 (dawne F90) | C22: =m_suma_2000*(1+in_q2500) -> 0
B23: Opcja: malowanie proszkowe RAL (koszt) | C23: =c_mal_S*in_S+c_mal_D*m_DN+c_mal_bar*in_barierki -> 0
B24: Utrudnienia z magistrali i barierek [osobodni] | C24: =ROUNDUP(in_magistrala*c_osd_magistrala+(in_barierki+in_maskownice)*c_osd_barierka,0) -> 0
B25: Utrudnienia razem [osobodni] (dawny 'tonaż') | C25: =m_utr_auto+in_utr_dod -> 0
B27: B. Parametry montażu wspólne dla wariantów
B28: Kraków? | C28: =in_lok="Kraków" -> FALSE
B29: Km na pomiary / odbiory | C29: =IF(ISBLANK(in_km_pom),IF(e_krk,c_km_krakow,in_km),in_km_pom) -> 0
B30: Km na montaż | C30: =IF(ISBLANK(in_km_mon),IF(e_krk,c_km_krakow,in_km+c_km_dodatek),in_km_mon) -> 50
B31: Dni rozładunku | C31: =IF(ISBLANK(in_rozl_dni),c_rozl_TIR*in_tir,in_rozl_dni) -> 0
B32: Podróże pomiary + odbiory [osobodni] | C32: =(c_pomiary_osoby+c_odbiory_osoby)*IF(in_wzor="Uproszczony",2*e_km_pom/c_km_dzien*1,(1+0.1*MAX(0,800-e_km_pom)/100)*e_km_pom*1/500) -> 0
B33: Dni dźwigu | C33: =ROUNDUP(m_DN/c_dzwig_D+in_S*c_dzwig_wspS/c_dzwig_D,0) -> 0
B34: Mnożnik kosztu materiałowego na cenę (opcje) | C34: =(1+c_podatek*(c_gdw+in_zysk))/(1-(c_kob+c_gdw+in_zysk)) -> 1.208284
B36: C. Montaż i cena (dawny arkusz '<Inwestycja>-NK38') | I36: Analiza liczby osób (wariant z Dane)
B37: Wariant / liczba osób | D37: 2000 kg | E37: 2500 kg | F37: 2000 kg + słupki | G37: 2500 kg + słupki | I37: 2 os. | J37: 3 os. | K37: 4 os. | L37: 5 os. | M37: 6 os. | N37: 7 os.
B38: Q=2500? (1/0) | D38: 0 | E38: 1 | F38: 0 | G38: 1 | I38: =IF(LEFT(in_analiza,4)="2500",1,0) -> 0 | J38: =IF(LEFT(in_analiza,4)="2500",1,0) -> 0 | K38: =IF(LEFT(in_analiza,4)="2500",1,0) -> 0 | L38: =IF(LEFT(in_analiza,4)="2500",1,0) -> 0 | M38: =IF(LEFT(in_analiza,4)="2500",1,0) -> 0 | N38: =IF(LEFT(in_analiza,4)="2500",1,0) -> 0
B39: Słupki e-ładowarek? (1/0) | D39: 0 | E39: 0 | F39: 1 | G39: 1 | I39: =IF(ISNUMBER(SEARCH("słupki",in_analiza)),1,0) -> 0 | J39: =IF(ISNUMBER(SEARCH("słupki",in_analiza)),1,0) -> 0 | K39: =IF(ISNUMBER(SEARCH("słupki",in_analiza)),1,0) -> 0 | L39: =IF(ISNUMBER(SEARCH("słupki",in_analiza)),1,0) -> 0 | M39: =IF(ISNUMBER(SEARCH("słupki",in_analiza)),1,0) -> 0 | N39: =IF(ISNUMBER(SEARCH("słupki",in_analiza)),1,0) -> 0
B40: Liczba osób | D40: =in_osoby -> 4 | E40: =in_osoby -> 4 | F40: =in_osoby -> 4 | G40: =in_osoby -> 4 | I40: 2 | J40: 3 | K40: 4 | L40: 5 | M40: 6 | N40: 7
B41: Średnia stawka dzienna | D41: =(c_stawka_1+IF(D40>=2,c_stawka_2,0)+MAX(0,D40-2)*c_stawka_n)/D40 -> 400 | E41: =(c_stawka_1+IF(E40>=2,c_stawka_2,0)+MAX(0,E40-2)*c_stawka_n)/E40 -> 400 | F41: =(c_stawka_1+IF(F40>=2,c_stawka_2,0)+MAX(0,F40-2)*c_stawka_n)/F40 -> 400 | G41: =(c_stawka_1+IF(G40>=2,c_stawka_2,0)+MAX(0,G40-2)*c_stawka_n)/G40 -> 400 | I41: =(c_stawka_1+IF(I40>=2,c_stawka_2,0)+MAX(0,I40-2)*c_stawka_n)/I40 -> 450 | J41: =(c_stawka_1+IF(J40>=2,c_stawka_2,0)+MAX(0,J40-2)*c_stawka_n)/J40 -> 416.66667 | K41: =(c_stawka_1+IF(K40>=2,c_stawka_2,0)+MAX(0,K40-2)*c_stawka_n)/K40 -> 400 | L41: =(c_stawka_1+IF(L40>=2,c_stawka_2,0)+MAX(0,L40-2)*c_stawka_n)/L40 -> 390 | M41: =(c_stawka_1+IF(M40>=2,c_stawka_2,0)+MAX(0,M40-2)*c_stawka_n)/M40 -> 383.33333 | N41: =(c_stawka_1+IF(N40>=2,c_stawka_2,0)+MAX(0,N40-2)*c_stawka_n)/N40 -> 378.57143
B42: Osobodni montażu (dawne F50) | D42: =c_osd_S*in_S+c_osd_D*in_D+c_osd_NP*in_NP+m_utr+D39*c_slupek_rbd*m_MP -> 0 | E42: =c_osd_S*in_S+c_osd_D*in_D+c_osd_NP*in_NP+m_utr+E39*c_slupek_rbd*m_MP -> 0 | F42: =c_osd_S*in_S+c_osd_D*in_D+c_osd_NP*in_NP+m_utr+F39*c_slupek_rbd*m_MP -> 0 | G42: =c_osd_S*in_S+c_osd_D*in_D+c_osd_NP*in_NP+m_utr+G39*c_slupek_rbd*m_MP -> 0 | I42: =c_osd_S*in_S+c_osd_D*in_D+c_osd_NP*in_NP+m_utr+I39*c_slupek_rbd*m_MP -> 0 | J42: =c_osd_S*in_S+c_osd_D*in_D+c_osd_NP*in_NP+m_utr+J39*c_slupek_rbd*m_MP -> 0 | K42: =c_osd_S*in_S+c_osd_D*in_D+c_osd_NP*in_NP+m_utr+K39*c_slupek_rbd*m_MP -> 0 | L42: =c_osd_S*in_S+c_osd_D*in_D+c_osd_NP*in_NP+m_utr+L39*c_slupek_rbd*m_MP -> 0 | M42: =c_osd_S*in_S+c_osd_D*in_D+c_osd_NP*in_NP+m_utr+M39*c_slupek_rbd*m_MP -> 0 | N42: =c_osd_S*in_S+c_osd_D*in_D+c_osd_NP*in_NP+m_utr+N39*c_slupek_rbd*m_MP -> 0
B43: Iteracja 1: tygodnie / dni montażu | D43: =IF(e_krk,CEILING((D42+(e_podr_pom+D40*(e_rozl_dni+IF(in_wzor="Uproszczony",2*e_km_mon/c_km_dzien*1,(1+0.1*MAX(0,800-e_km_mon)/100)*e_km_mon*1/500))))/D40,1),CEILING(CEILING((D42+(e_podr_pom+D40*(e_rozl_dni+IF(in_wzor="Uproszczony",2*e_km_mon/c_km_dzien*1,(1+0.1*MAX(0,800-e_km_mon)/100)*e_km_mon*1/500))))/D40,1)/c_dni_tydzien,1)) -> 1 | E43: =IF(e_krk,CEILING((E42+(e_podr_pom+E40*(e_rozl_dni+IF(in_wzor="Uproszczony",2*e_km_mon/c_km_dzien*1,(1+0.1*MAX(0,800-e_km_mon)/100)*e_km_mon*1/500))))/E40,1),CEILING(CEILING((E42+(e_podr_pom+E40*(e_rozl_dni+IF(in_wzor="Uproszczony",2*e_km_mon/c_km_dzien*1,(1+0.1*MAX(0,800-e_km_mon)/100)*e_km_mon*1/500))))/E40,1)/c_dni_tydzien,1)) -> 1 | F43: =IF(e_krk,CEILING((F42+(e_podr_pom+F40*(e_rozl_dni+IF(in_wzor="Uproszczony",2*e_km_mon/c_km_dzien*1,(1+0.1*MAX(0,800-e_km_mon)/100)*e_km_mon*1/500))))/F40,1),CEILING(CEILING((F42+(e_podr_pom+F40*(e_rozl_dni+IF(in_wzor="Uproszczony",2*e_km_mon/c_km_dzien*1,(1+0.1*MAX(0,800-e_km_mon)/100)*e_km_mon*1/500))))/F40,1)/c_dni_tydzien,1)) -> 1 | G43: =IF(e_krk,CEILING((G42+(e_podr_pom+G40*(e_rozl_dni+IF(in_wzor="Uproszczony",2*e_km_mon/c_km_dzien*1,(1+0.1*MAX(0,800-e_km_mon)/100)*e_km_mon*1/500))))/G40,1),CEILING(CEILING((G42+(e_podr_pom+G40*(e_rozl_dni+IF(in_wzor="Uproszczony",2*e_km_mon/c_km_dzien*1,(1+0.1*MAX(0,800-e_km_mon)/100)*e_km_mon*1/500))))/G40,1)/c_dni_tydzien,1)) -> 1 | I43: =IF(e_krk,CEILING((I42+(e_podr_pom+I40*(e_rozl_dni+IF(in_wzor="Uproszczony",2*e_km_mon/c_km_dzien*1,(1+0.1*MAX(0,800-e_km_mon)/100)*e_km_mon*1/500))))/I40,1),CEILING(CEILING((I42+(e_podr_pom+I40*(e_rozl_dni+IF(in_wzor="Uproszczony",2*e_km_mon/c_km_dzien*1,(1+0.1*MAX(0,800-e_km_mon)/100)*e_km_mon*1/500))))/I40,1)/c_dni_tydzien,1)) -> 1 | J43: =IF(e_krk,CEILING((J42+(e_podr_pom+J40*(e_rozl_dni+IF(in_wzor="Uproszczony",2*e_km_mon/c_km_dzien*1,(1+0.1*MAX(0,800-e_km_mon)/100)*e_km_mon*1/500))))/J40,1),CEILING(CEILING((J42+(e_podr_pom+J40*(e_rozl_dni+IF(in_wzor="Uproszczony",2*e_km_mon/c_km_dzien*1,(1+0.1*MAX(0,800-e_km_mon)/100)*e_km_mon*1/500))))/J40,1)/c_dni_tydzien,1)) -> 1 | K43: =IF(e_krk,CEILING((K42+(e_podr_pom+K40*(e_rozl_dni+IF(in_wzor="Uproszczony",2*e_km_mon/c_km_dzien*1,(1+0.1*MAX(0,800-e_km_mon)/100)*e_km_mon*1/500))))/K40,1),CEILING(CEILING((K42+(e_podr_pom+K40*(e_rozl_dni+IF(in_wzor="Uproszczony",2*e_km_mon/c_km_dzien*1,(1+0.1*MAX(0,800-e_km_mon)/100)*e_km_mon*1/500))))/K40,1)/c_dni_tydzien,1)) -> 1 | L43: =IF(e_krk,CEILING((L42+(e_podr_pom+L40*(e_rozl_dni+IF(in_wzor="Uproszczony",2*e_km_mon/c_km_dzien*1,(1+0.1*MAX(0,800-e_km_mon)/100)*e_km_mon*1/500))))/L40,1),CEILING(CEILING((L42+(e_podr_pom+L40*(e_rozl_dni+IF(in_wzor="Uproszczony",2*e_km_mon/c_km_dzien*1,(1+0.1*MAX(0,800-e_km_mon)/100)*e_km_mon*1/500))))/L40,1)/c_dni_tydzien,1)) -> 1 | M43: =IF(e_krk,CEILING((M42+(e_podr_pom+M40*(e_rozl_dni+IF(in_wzor="Uproszczony",2*e_km_mon/c_km_dzien*1,(1+0.1*MAX(0,800-e_km_mon)/100)*e_km_mon*1/500))))/M40,1),CEILING(CEILING((M42+(e_podr_pom+M40*(e_rozl_dni+IF(in_wzor="Uproszczony",2*e_km_mon/c_km_dzien*1,(1+0.1*MAX(0,800-e_km_mon)/100)*e_km_mon*1/500))))/M40,1)/c_dni_tydzien,1)) -> 1 | N43: =IF(e_krk,CEILING((N42+(e_podr_pom+N40*(e_rozl_dni+IF(in_wzor="Uproszczony",2*e_km_mon/c_km_dzien*1,(1+0.1*MAX(0,800-e_km_mon)/100)*e_km_mon*1/500))))/N40,1),CEILING(CEILING((N42+(e_podr_pom+N40*(e_rozl_dni+IF(in_wzor="Uproszczony",2*e_km_mon/c_km_dzien*1,(1+0.1*MAX(0,800-e_km_mon)/100)*e_km_mon*1/500))))/N40,1)/c_dni_tydzien,1)) -> 1
B44: Iteracja 2: tygodnie / dni montażu | D44: =IF(e_krk,CEILING((D42+(e_podr_pom+D40*(e_rozl_dni+IF(in_wzor="Uproszczony",2*e_km_mon/c_km_dzien*D43,(1+0.1*MAX(0,800-e_km_mon)/100)*e_km_mon*D43/500))))/D40,1),CEILING(CEILING((D42+(e_podr_pom+D40*(e_rozl_dni+IF(in_wzor="Uproszczony",2*e_km_mon/c_km_dzien*D43,(1+0.1*MAX(0,800-e_km_mon)/100)*e_km_mon*D43/500))))/D40,1)/c_dni_tydzien,1)) -> 1 | E44: =IF(e_krk,CEILING((E42+(e_podr_pom+E40*(e_rozl_dni+IF(in_wzor="Uproszczony",2*e_km_mon/c_km_dzien*E43,(1+0.1*MAX(0,800-e_km_mon)/100)*e_km_mon*E43/500))))/E40,1),CEILING(CEILING((E42+(e_podr_pom+E40*(e_rozl_dni+IF(in_wzor="Uproszczony",2*e_km_mon/c_km_dzien*E43,(1+0.1*MAX(0,800-e_km_mon)/100)*e_km_mon*E43/500))))/E40,1)/c_dni_tydzien,1)) -> 1 | F44: =IF(e_krk,CEILING((F42+(e_podr_pom+F40*(e_rozl_dni+IF(in_wzor="Uproszczony",2*e_km_mon/c_km_dzien*F43,(1+0.1*MAX(0,800-e_km_mon)/100)*e_km_mon*F43/500))))/F40,1),CEILING(CEILING((F42+(e_podr_pom+F40*(e_rozl_dni+IF(in_wzor="Uproszczony",2*e_km_mon/c_km_dzien*F43,(1+0.1*MAX(0,800-e_km_mon)/100)*e_km_mon*F43/500))))/F40,1)/c_dni_tydzien,1)) -> 1 | G44: =IF(e_krk,CEILING((G42+(e_podr_pom+G40*(e_rozl_dni+IF(in_wzor="Uproszczony",2*e_km_mon/c_km_dzien*G43,(1+0.1*MAX(0,800-e_km_mon)/100)*e_km_mon*G43/500))))/G40,1),CEILING(CEILING((G42+(e_podr_pom+G40*(e_rozl_dni+IF(in_wzor="Uproszczony",2*e_km_mon/c_km_dzien*G43,(1+0.1*MAX(0,800-e_km_mon)/100)*e_km_mon*G43/500))))/G40,1)/c_dni_tydzien,1)) -> 1 | I44: =IF(e_krk,CEILING((I42+(e_podr_pom+I40*(e_rozl_dni+IF(in_wzor="Uproszczony",2*e_km_mon/c_km_dzien*I43,(1+0.1*MAX(0,800-e_km_mon)/100)*e_km_mon*I43/500))))/I40,1),CEILING(CEILING((I42+(e_podr_pom+I40*(e_rozl_dni+IF(in_wzor="Uproszczony",2*e_km_mon/c_km_dzien*I43,(1+0.1*MAX(0,800-e_km_mon)/100)*e_km_mon*I43/500))))/I40,1)/c_dni_tydzien,1)) -> 1 | J44: =IF(e_krk,CEILING((J42+(e_podr_pom+J40*(e_rozl_dni+IF(in_wzor="Uproszczony",2*e_km_mon/c_km_dzien*J43,(1+0.1*MAX(0,800-e_km_mon)/100)*e_km_mon*J43/500))))/J40,1),CEILING(CEILING((J42+(e_podr_pom+J40*(e_rozl_dni+IF(in_wzor="Uproszczony",2*e_km_mon/c_km_dzien*J43,(1+0.1*MAX(0,800-e_km_mon)/100)*e_km_mon*J43/500))))/J40,1)/c_dni_tydzien,1)) -> 1 | K44: =IF(e_krk,CEILING((K42+(e_podr_pom+K40*(e_rozl_dni+IF(in_wzor="Uproszczony",2*e_km_mon/c_km_dzien*K43,(1+0.1*MAX(0,800-e_km_mon)/100)*e_km_mon*K43/500))))/K40,1),CEILING(CEILING((K42+(e_podr_pom+K40*(e_rozl_dni+IF(in_wzor="Uproszczony",2*e_km_mon/c_km_dzien*K43,(1+0.1*MAX(0,800-e_km_mon)/100)*e_km_mon*K43/500))))/K40,1)/c_dni_tydzien,1)) -> 1 | L44: =IF(e_krk,CEILING((L42+(e_podr_pom+L40*(e_rozl_dni+IF(in_wzor="Uproszczony",2*e_km_mon/c_km_dzien*L43,(1+0.1*MAX(0,800-e_km_mon)/100)*e_km_mon*L43/500))))/L40,1),CEILING(CEILING((L42+(e_podr_pom+L40*(e_rozl_dni+IF(in_wzor="Uproszczony",2*e_km_mon/c_km_dzien*L43,(1+0.1*MAX(0,800-e_km_mon)/100)*e_km_mon*L43/500))))/L40,1)/c_dni_tydzien,1)) -> 1 | M44: =IF(e_krk,CEILING((M42+(e_podr_pom+M40*(e_rozl_dni+IF(in_wzor="Uproszczony",2*e_km_mon/c_km_dzien*M43,(1+0.1*MAX(0,800-e_km_mon)/100)*e_km_mon*M43/500))))/M40,1),CEILING(CEILING((M42+(e_podr_pom+M40*(e_rozl_dni+IF(in_wzor="Uproszczony",2*e_km_mon/c_km_dzien*M43,(1+0.1*MAX(0,800-e_km_mon)/100)*e_km_mon*M43/500))))/M40,1)/c_dni_tydzien,1)) -> 1 | N44: =IF(e_krk,CEILING((N42+(e_podr_pom+N40*(e_rozl_dni+IF(in_wzor="Uproszczony",2*e_km_mon/c_km_dzien*N43,(1+0.1*MAX(0,800-e_km_mon)/100)*e_km_mon*N43/500))))/N40,1),CEILING(CEILING((N42+(e_podr_pom+N40*(e_rozl_dni+IF(in_wzor="Uproszczony",2*e_km_mon/c_km_dzien*N43,(1+0.1*MAX(0,800-e_km_mon)/100)*e_km_mon*N43/500))))/N40,1)/c_dni_tydzien,1)) -> 1
B45: Iteracja 3: tygodnie / dni montażu | D45: =IF(e_krk,CEILING((D42+(e_podr_pom+D40*(e_rozl_dni+IF(in_wzor="Uproszczony",2*e_km_mon/c_km_dzien*D44,(1+0.1*MAX(0,800-e_km_mon)/100)*e_km_mon*D44/500))))/D40,1),CEILING(CEILING((D42+(e_podr_pom+D40*(e_rozl_dni+IF(in_wzor="Uproszczony",2*e_km_mon/c_km_dzien*D44,(1+0.1*MAX(0,800-e_km_mon)/100)*e_km_mon*D44/500))))/D40,1)/c_dni_tydzien,1)) -> 1 | E45: =IF(e_krk,CEILING((E42+(e_podr_pom+E40*(e_rozl_dni+IF(in_wzor="Uproszczony",2*e_km_mon/c_km_dzien*E44,(1+0.1*MAX(0,800-e_km_mon)/100)*e_km_mon*E44/500))))/E40,1),CEILING(CEILING((E42+(e_podr_pom+E40*(e_rozl_dni+IF(in_wzor="Uproszczony",2*e_km_mon/c_km_dzien*E44,(1+0.1*MAX(0,800-e_km_mon)/100)*e_km_mon*E44/500))))/E40,1)/c_dni_tydzien,1)) -> 1 | F45: =IF(e_krk,CEILING((F42+(e_podr_pom+F40*(e_rozl_dni+IF(in_wzor="Uproszczony",2*e_km_mon/c_km_dzien*F44,(1+0.1*MAX(0,800-e_km_mon)/100)*e_km_mon*F44/500))))/F40,1),CEILING(CEILING((F42+(e_podr_pom+F40*(e_rozl_dni+IF(in_wzor="Uproszczony",2*e_km_mon/c_km_dzien*F44,(1+0.1*MAX(0,800-e_km_mon)/100)*e_km_mon*F44/500))))/F40,1)/c_dni_tydzien,1)) -> 1 | G45: =IF(e_krk,CEILING((G42+(e_podr_pom+G40*(e_rozl_dni+IF(in_wzor="Uproszczony",2*e_km_mon/c_km_dzien*G44,(1+0.1*MAX(0,800-e_km_mon)/100)*e_km_mon*G44/500))))/G40,1),CEILING(CEILING((G42+(e_podr_pom+G40*(e_rozl_dni+IF(in_wzor="Uproszczony",2*e_km_mon/c_km_dzien*G44,(1+0.1*MAX(0,800-e_km_mon)/100)*e_km_mon*G44/500))))/G40,1)/c_dni_tydzien,1)) -> 1 | I45: =IF(e_krk,CEILING((I42+(e_podr_pom+I40*(e_rozl_dni+IF(in_wzor="Uproszczony",2*e_km_mon/c_km_dzien*I44,(1+0.1*MAX(0,800-e_km_mon)/100)*e_km_mon*I44/500))))/I40,1),CEILING(CEILING((I42+(e_podr_pom+I40*(e_rozl_dni+IF(in_wzor="Uproszczony",2*e_km_mon/c_km_dzien*I44,(1+0.1*MAX(0,800-e_km_mon)/100)*e_km_mon*I44/500))))/I40,1)/c_dni_tydzien,1)) -> 1 | J45: =IF(e_krk,CEILING((J42+(e_podr_pom+J40*(e_rozl_dni+IF(in_wzor="Uproszczony",2*e_km_mon/c_km_dzien*J44,(1+0.1*MAX(0,800-e_km_mon)/100)*e_km_mon*J44/500))))/J40,1),CEILING(CEILING((J42+(e_podr_pom+J40*(e_rozl_dni+IF(in_wzor="Uproszczony",2*e_km_mon/c_km_dzien*J44,(1+0.1*MAX(0,800-e_km_mon)/100)*e_km_mon*J44/500))))/J40,1)/c_dni_tydzien,1)) -> 1 | K45: =IF(e_krk,CEILING((K42+(e_podr_pom+K40*(e_rozl_dni+IF(in_wzor="Uproszczony",2*e_km_mon/c_km_dzien*K44,(1+0.1*MAX(0,800-e_km_mon)/100)*e_km_mon*K44/500))))/K40,1),CEILING(CEILING((K42+(e_podr_pom+K40*(e_rozl_dni+IF(in_wzor="Uproszczony",2*e_km_mon/c_km_dzien*K44,(1+0.1*MAX(0,800-e_km_mon)/100)*e_km_mon*K44/500))))/K40,1)/c_dni_tydzien,1)) -> 1 | L45: =IF(e_krk,CEILING((L42+(e_podr_pom+L40*(e_rozl_dni+IF(in_wzor="Uproszczony",2*e_km_mon/c_km_dzien*L44,(1+0.1*MAX(0,800-e_km_mon)/100)*e_km_mon*L44/500))))/L40,1),CEILING(CEILING((L42+(e_podr_pom+L40*(e_rozl_dni+IF(in_wzor="Uproszczony",2*e_km_mon/c_km_dzien*L44,(1+0.1*MAX(0,800-e_km_mon)/100)*e_km_mon*L44/500))))/L40,1)/c_dni_tydzien,1)) -> 1 | M45: =IF(e_krk,CEILING((M42+(e_podr_pom+M40*(e_rozl_dni+IF(in_wzor="Uproszczony",2*e_km_mon/c_km_dzien*M44,(1+0.1*MAX(0,800-e_km_mon)/100)*e_km_mon*M44/500))))/M40,1),CEILING(CEILING((M42+(e_podr_pom+M40*(e_rozl_dni+IF(in_wzor="Uproszczony",2*e_km_mon/c_km_dzien*M44,(1+0.1*MAX(0,800-e_km_mon)/100)*e_km_mon*M44/500))))/M40,1)/c_dni_tydzien,1)) -> 1 | N45: =IF(e_krk,CEILING((N42+(e_podr_pom+N40*(e_rozl_dni+IF(in_wzor="Uproszczony",2*e_km_mon/c_km_dzien*N44,(1+0.1*MAX(0,800-e_km_mon)/100)*e_km_mon*N44/500))))/N40,1),CEILING(CEILING((N42+(e_podr_pom+N40*(e_rozl_dni+IF(in_wzor="Uproszczony",2*e_km_mon/c_km_dzien*N44,(1+0.1*MAX(0,800-e_km_mon)/100)*e_km_mon*N44/500))))/N40,1)/c_dni_tydzien,1)) -> 1
B46: Iteracja 4: tygodnie / dni montażu | D46: =IF(e_krk,CEILING((D42+(e_podr_pom+D40*(e_rozl_dni+IF(in_wzor="Uproszczony",2*e_km_mon/c_km_dzien*D45,(1+0.1*MAX(0,800-e_km_mon)/100)*e_km_mon*D45/500))))/D40,1),CEILING(CEILING((D42+(e_podr_pom+D40*(e_rozl_dni+IF(in_wzor="Uproszczony",2*e_km_mon/c_km_dzien*D45,(1+0.1*MAX(0,800-e_km_mon)/100)*e_km_mon*D45/500))))/D40,1)/c_dni_tydzien,1)) -> 1 | E46: =IF(e_krk,CEILING((E42+(e_podr_pom+E40*(e_rozl_dni+IF(in_wzor="Uproszczony",2*e_km_mon/c_km_dzien*E45,(1+0.1*MAX(0,800-e_km_mon)/100)*e_km_mon*E45/500))))/E40,1),CEILING(CEILING((E42+(e_podr_pom+E40*(e_rozl_dni+IF(in_wzor="Uproszczony",2*e_km_mon/c_km_dzien*E45,(1+0.1*MAX(0,800-e_km_mon)/100)*e_km_mon*E45/500))))/E40,1)/c_dni_tydzien,1)) -> 1 | F46: =IF(e_krk,CEILING((F42+(e_podr_pom+F40*(e_rozl_dni+IF(in_wzor="Uproszczony",2*e_km_mon/c_km_dzien*F45,(1+0.1*MAX(0,800-e_km_mon)/100)*e_km_mon*F45/500))))/F40,1),CEILING(CEILING((F42+(e_podr_pom+F40*(e_rozl_dni+IF(in_wzor="Uproszczony",2*e_km_mon/c_km_dzien*F45,(1+0.1*MAX(0,800-e_km_mon)/100)*e_km_mon*F45/500))))/F40,1)/c_dni_tydzien,1)) -> 1 | G46: =IF(e_krk,CEILING((G42+(e_podr_pom+G40*(e_rozl_dni+IF(in_wzor="Uproszczony",2*e_km_mon/c_km_dzien*G45,(1+0.1*MAX(0,800-e_km_mon)/100)*e_km_mon*G45/500))))/G40,1),CEILING(CEILING((G42+(e_podr_pom+G40*(e_rozl_dni+IF(in_wzor="Uproszczony",2*e_km_mon/c_km_dzien*G45,(1+0.1*MAX(0,800-e_km_mon)/100)*e_km_mon*G45/500))))/G40,1)/c_dni_tydzien,1)) -> 1 | I46: =IF(e_krk,CEILING((I42+(e_podr_pom+I40*(e_rozl_dni+IF(in_wzor="Uproszczony",2*e_km_mon/c_km_dzien*I45,(1+0.1*MAX(0,800-e_km_mon)/100)*e_km_mon*I45/500))))/I40,1),CEILING(CEILING((I42+(e_podr_pom+I40*(e_rozl_dni+IF(in_wzor="Uproszczony",2*e_km_mon/c_km_dzien*I45,(1+0.1*MAX(0,800-e_km_mon)/100)*e_km_mon*I45/500))))/I40,1)/c_dni_tydzien,1)) -> 1 | J46: =IF(e_krk,CEILING((J42+(e_podr_pom+J40*(e_rozl_dni+IF(in_wzor="Uproszczony",2*e_km_mon/c_km_dzien*J45,(1+0.1*MAX(0,800-e_km_mon)/100)*e_km_mon*J45/500))))/J40,1),CEILING(CEILING((J42+(e_podr_pom+J40*(e_rozl_dni+IF(in_wzor="Uproszczony",2*e_km_mon/c_km_dzien*J45,(1+0.1*MAX(0,800-e_km_mon)/100)*e_km_mon*J45/500))))/J40,1)/c_dni_tydzien,1)) -> 1 | K46: =IF(e_krk,CEILING((K42+(e_podr_pom+K40*(e_rozl_dni+IF(in_wzor="Uproszczony",2*e_km_mon/c_km_dzien*K45,(1+0.1*MAX(0,800-e_km_mon)/100)*e_km_mon*K45/500))))/K40,1),CEILING(CEILING((K42+(e_podr_pom+K40*(e_rozl_dni+IF(in_wzor="Uproszczony",2*e_km_mon/c_km_dzien*K45,(1+0.1*MAX(0,800-e_km_mon)/100)*e_km_mon*K45/500))))/K40,1)/c_dni_tydzien,1)) -> 1 | L46: =IF(e_krk,CEILING((L42+(e_podr_pom+L40*(e_rozl_dni+IF(in_wzor="Uproszczony",2*e_km_mon/c_km_dzien*L45,(1+0.1*MAX(0,800-e_km_mon)/100)*e_km_mon*L45/500))))/L40,1),CEILING(CEILING((L42+(e_podr_pom+L40*(e_rozl_dni+IF(in_wzor="Uproszczony",2*e_km_mon/c_km_dzien*L45,(1+0.1*MAX(0,800-e_km_mon)/100)*e_km_mon*L45/500))))/L40,1)/c_dni_tydzien,1)) -> 1 | M46: =IF(e_krk,CEILING((M42+(e_podr_pom+M40*(e_rozl_dni+IF(in_wzor="Uproszczony",2*e_km_mon/c_km_dzien*M45,(1+0.1*MAX(0,800-e_km_mon)/100)*e_km_mon*M45/500))))/M40,1),CEILING(CEILING((M42+(e_podr_pom+M40*(e_rozl_dni+IF(in_wzor="Uproszczony",2*e_km_mon/c_km_dzien*M45,(1+0.1*MAX(0,800-e_km_mon)/100)*e_km_mon*M45/500))))/M40,1)/c_dni_tydzien,1)) -> 1 | N46: =IF(e_krk,CEILING((N42+(e_podr_pom+N40*(e_rozl_dni+IF(in_wzor="Uproszczony",2*e_km_mon/c_km_dzien*N45,(1+0.1*MAX(0,800-e_km_mon)/100)*e_km_mon*N45/500))))/N40,1),CEILING(CEILING((N42+(e_podr_pom+N40*(e_rozl_dni+IF(in_wzor="Uproszczony",2*e_km_mon/c_km_dzien*N45,(1+0.1*MAX(0,800-e_km_mon)/100)*e_km_mon*N45/500))))/N40,1)/c_dni_tydzien,1)) -> 1
B47: Iteracja 5: tygodnie / dni montażu | D47: =IF(e_krk,CEILING((D42+(e_podr_pom+D40*(e_rozl_dni+IF(in_wzor="Uproszczony",2*e_km_mon/c_km_dzien*D46,(1+0.1*MAX(0,800-e_km_mon)/100)*e_km_mon*D46/500))))/D40,1),CEILING(CEILING((D42+(e_podr_pom+D40*(e_rozl_dni+IF(in_wzor="Uproszczony",2*e_km_mon/c_km_dzien*D46,(1+0.1*MAX(0,800-e_km_mon)/100)*e_km_mon*D46/500))))/D40,1)/c_dni_tydzien,1)) -> 1 | E47: =IF(e_krk,CEILING((E42+(e_podr_pom+E40*(e_rozl_dni+IF(in_wzor="Uproszczony",2*e_km_mon/c_km_dzien*E46,(1+0.1*MAX(0,800-e_km_mon)/100)*e_km_mon*E46/500))))/E40,1),CEILING(CEILING((E42+(e_podr_pom+E40*(e_rozl_dni+IF(in_wzor="Uproszczony",2*e_km_mon/c_km_dzien*E46,(1+0.1*MAX(0,800-e_km_mon)/100)*e_km_mon*E46/500))))/E40,1)/c_dni_tydzien,1)) -> 1 | F47: =IF(e_krk,CEILING((F42+(e_podr_pom+F40*(e_rozl_dni+IF(in_wzor="Uproszczony",2*e_km_mon/c_km_dzien*F46,(1+0.1*MAX(0,800-e_km_mon)/100)*e_km_mon*F46/500))))/F40,1),CEILING(CEILING((F42+(e_podr_pom+F40*(e_rozl_dni+IF(in_wzor="Uproszczony",2*e_km_mon/c_km_dzien*F46,(1+0.1*MAX(0,800-e_km_mon)/100)*e_km_mon*F46/500))))/F40,1)/c_dni_tydzien,1)) -> 1 | G47: =IF(e_krk,CEILING((G42+(e_podr_pom+G40*(e_rozl_dni+IF(in_wzor="Uproszczony",2*e_km_mon/c_km_dzien*G46,(1+0.1*MAX(0,800-e_km_mon)/100)*e_km_mon*G46/500))))/G40,1),CEILING(CEILING((G42+(e_podr_pom+G40*(e_rozl_dni+IF(in_wzor="Uproszczony",2*e_km_mon/c_km_dzien*G46,(1+0.1*MAX(0,800-e_km_mon)/100)*e_km_mon*G46/500))))/G40,1)/c_dni_tydzien,1)) -> 1 | I47: =IF(e_krk,CEILING((I42+(e_podr_pom+I40*(e_rozl_dni+IF(in_wzor="Uproszczony",2*e_km_mon/c_km_dzien*I46,(1+0.1*MAX(0,800-e_km_mon)/100)*e_km_mon*I46/500))))/I40,1),CEILING(CEILING((I42+(e_podr_pom+I40*(e_rozl_dni+IF(in_wzor="Uproszczony",2*e_km_mon/c_km_dzien*I46,(1+0.1*MAX(0,800-e_km_mon)/100)*e_km_mon*I46/500))))/I40,1)/c_dni_tydzien,1)) -> 1 | J47: =IF(e_krk,CEILING((J42+(e_podr_pom+J40*(e_rozl_dni+IF(in_wzor="Uproszczony",2*e_km_mon/c_km_dzien*J46,(1+0.1*MAX(0,800-e_km_mon)/100)*e_km_mon*J46/500))))/J40,1),CEILING(CEILING((J42+(e_podr_pom+J40*(e_rozl_dni+IF(in_wzor="Uproszczony",2*e_km_mon/c_km_dzien*J46,(1+0.1*MAX(0,800-e_km_mon)/100)*e_km_mon*J46/500))))/J40,1)/c_dni_tydzien,1)) -> 1 | K47: =IF(e_krk,CEILING((K42+(e_podr_pom+K40*(e_rozl_dni+IF(in_wzor="Uproszczony",2*e_km_mon/c_km_dzien*K46,(1+0.1*MAX(0,800-e_km_mon)/100)*e_km_mon*K46/500))))/K40,1),CEILING(CEILING((K42+(e_podr_pom+K40*(e_rozl_dni+IF(in_wzor="Uproszczony",2*e_km_mon/c_km_dzien*K46,(1+0.1*MAX(0,800-e_km_mon)/100)*e_km_mon*K46/500))))/K40,1)/c_dni_tydzien,1)) -> 1 | L47: =IF(e_krk,CEILING((L42+(e_podr_pom+L40*(e_rozl_dni+IF(in_wzor="Uproszczony",2*e_km_mon/c_km_dzien*L46,(1+0.1*MAX(0,800-e_km_mon)/100)*e_km_mon*L46/500))))/L40,1),CEILING(CEILING((L42+(e_podr_pom+L40*(e_rozl_dni+IF(in_wzor="Uproszczony",2*e_km_mon/c_km_dzien*L46,(1+0.1*MAX(0,800-e_km_mon)/100)*e_km_mon*L46/500))))/L40,1)/c_dni_tydzien,1)) -> 1 | M47: =IF(e_krk,CEILING((M42+(e_podr_pom+M40*(e_rozl_dni+IF(in_wzor="Uproszczony",2*e_km_mon/c_km_dzien*M46,(1+0.1*MAX(0,800-e_km_mon)/100)*e_km_mon*M46/500))))/M40,1),CEILING(CEILING((M42+(e_podr_pom+M40*(e_rozl_dni+IF(in_wzor="Uproszczony",2*e_km_mon/c_km_dzien*M46,(1+0.1*MAX(0,800-e_km_mon)/100)*e_km_mon*M46/500))))/M40,1)/c_dni_tydzien,1)) -> 1 | N47: =IF(e_krk,CEILING((N42+(e_podr_pom+N40*(e_rozl_dni+IF(in_wzor="Uproszczony",2*e_km_mon/c_km_dzien*N46,(1+0.1*MAX(0,800-e_km_mon)/100)*e_km_mon*N46/500))))/N40,1),CEILING(CEILING((N42+(e_podr_pom+N40*(e_rozl_dni+IF(in_wzor="Uproszczony",2*e_km_mon/c_km_dzien*N46,(1+0.1*MAX(0,800-e_km_mon)/100)*e_km_mon*N46/500))))/N40,1)/c_dni_tydzien,1)) -> 1
B48: Tygodnie (Kraków: dni) montażu (dawne B55) | D48: =IF(ISBLANK(in_wyjazdy),D47,in_wyjazdy) -> 1 | E48: =IF(ISBLANK(in_wyjazdy),E47,in_wyjazdy) -> 1 | F48: =IF(ISBLANK(in_wyjazdy),F47,in_wyjazdy) -> 1 | G48: =IF(ISBLANK(in_wyjazdy),G47,in_wyjazdy) -> 1 | I48: =IF(ISBLANK(in_wyjazdy),I47,in_wyjazdy) -> 1 | J48: =IF(ISBLANK(in_wyjazdy),J47,in_wyjazdy) -> 1 | K48: =IF(ISBLANK(in_wyjazdy),K47,in_wyjazdy) -> 1 | L48: =IF(ISBLANK(in_wyjazdy),L47,in_wyjazdy) -> 1 | M48: =IF(ISBLANK(in_wyjazdy),M47,in_wyjazdy) -> 1 | N48: =IF(ISBLANK(in_wyjazdy),N47,in_wyjazdy) -> 1
B49: Osobodni podróży i rozładunku (dawne G59) | D49: =(e_podr_pom+D40*(e_rozl_dni+IF(in_wzor="Uproszczony",2*e_km_mon/c_km_dzien*D48,(1+0.1*MAX(0,800-e_km_mon)/100)*e_km_mon*D48/500))) -> 0.7 | E49: =(e_podr_pom+E40*(e_rozl_dni+IF(in_wzor="Uproszczony",2*e_km_mon/c_km_dzien*E48,(1+0.1*MAX(0,800-e_km_mon)/100)*e_km_mon*E48/500))) -> 0.7 | F49: =(e_podr_pom+F40*(e_rozl_dni+IF(in_wzor="Uproszczony",2*e_km_mon/c_km_dzien*F48,(1+0.1*MAX(0,800-e_km_mon)/100)*e_km_mon*F48/500))) -> 0.7 | G49: =(e_podr_pom+G40*(e_rozl_dni+IF(in_wzor="Uproszczony",2*e_km_mon/c_km_dzien*G48,(1+0.1*MAX(0,800-e_km_mon)/100)*e_km_mon*G48/500))) -> 0.7 | I49: =(e_podr_pom+I40*(e_rozl_dni+IF(in_wzor="Uproszczony",2*e_km_mon/c_km_dzien*I48,(1+0.1*MAX(0,800-e_km_mon)/100)*e_km_mon*I48/500))) -> 0.35 | J49: =(e_podr_pom+J40*(e_rozl_dni+IF(in_wzor="Uproszczony",2*e_km_mon/c_km_dzien*J48,(1+0.1*MAX(0,800-e_km_mon)/100)*e_km_mon*J48/500))) -> 0.525 | K49: =(e_podr_pom+K40*(e_rozl_dni+IF(in_wzor="Uproszczony",2*e_km_mon/c_km_dzien*K48,(1+0.1*MAX(0,800-e_km_mon)/100)*e_km_mon*K48/500))) -> 0.7 | L49: =(e_podr_pom+L40*(e_rozl_dni+IF(in_wzor="Uproszczony",2*e_km_mon/c_km_dzien*L48,(1+0.1*MAX(0,800-e_km_mon)/100)*e_km_mon*L48/500))) -> 0.875 | M49: =(e_podr_pom+M40*(e_rozl_dni+IF(in_wzor="Uproszczony",2*e_km_mon/c_km_dzien*M48,(1+0.1*MAX(0,800-e_km_mon)/100)*e_km_mon*M48/500))) -> 1.05 | N49: =(e_podr_pom+N40*(e_rozl_dni+IF(in_wzor="Uproszczony",2*e_km_mon/c_km_dzien*N48,(1+0.1*MAX(0,800-e_km_mon)/100)*e_km_mon*N48/500))) -> 1.225
B50: Osobodni razem | D50: =D42+D49 -> 0.7 | E50: =E42+E49 -> 0.7 | F50: =F42+F49 -> 0.7 | G50: =G42+G49 -> 0.7 | I50: =I42+I49 -> 0.35 | J50: =J42+J49 -> 0.525 | K50: =K42+K49 -> 0.7 | L50: =L42+L49 -> 0.875 | M50: =M42+M49 -> 1.05 | N50: =N42+N49 -> 1.225
B51: Dni pracy ekipy (dawne J39) | D51: =CEILING(D50/D40,1) -> 1 | E51: =CEILING(E50/E40,1) -> 1 | F51: =CEILING(F50/F40,1) -> 1 | G51: =CEILING(G50/G40,1) -> 1 | I51: =CEILING(I50/I40,1) -> 1 | J51: =CEILING(J50/J40,1) -> 1 | K51: =CEILING(K50/K40,1) -> 1 | L51: =CEILING(L50/L40,1) -> 1 | M51: =CEILING(M50/M40,1) -> 1 | N51: =CEILING(N50/N40,1) -> 1
B52: Kilometry razem (1 auto ekipy) | D52: =2*(e_km_mon*D48+2*e_km_pom) -> 100 | E52: =2*(e_km_mon*E48+2*e_km_pom) -> 100 | F52: =2*(e_km_mon*F48+2*e_km_pom) -> 100 | G52: =2*(e_km_mon*G48+2*e_km_pom) -> 100 | I52: =2*(e_km_mon*I48+2*e_km_pom) -> 100 | J52: =2*(e_km_mon*J48+2*e_km_pom) -> 100 | K52: =2*(e_km_mon*K48+2*e_km_pom) -> 100 | L52: =2*(e_km_mon*L48+2*e_km_pom) -> 100 | M52: =2*(e_km_mon*M48+2*e_km_pom) -> 100 | N52: =2*(e_km_mon*N48+2*e_km_pom) -> 100
B53: Urządzenia (materiały) | D53: =IF(D38=1,m_suma_2500,m_suma_2000) -> 0 | E53: =IF(E38=1,m_suma_2500,m_suma_2000) -> 0 | F53: =IF(F38=1,m_suma_2500,m_suma_2000) -> 0 | G53: =IF(G38=1,m_suma_2500,m_suma_2000) -> 0 | I53: =IF(I38=1,m_suma_2500,m_suma_2000) -> 0 | J53: =IF(J38=1,m_suma_2500,m_suma_2000) -> 0 | K53: =IF(K38=1,m_suma_2500,m_suma_2000) -> 0 | L53: =IF(L38=1,m_suma_2500,m_suma_2000) -> 0 | M53: =IF(M38=1,m_suma_2500,m_suma_2000) -> 0 | N53: =IF(N38=1,m_suma_2500,m_suma_2000) -> 0
B54: Słupki e-ładowarek | D54: =D39*c_slupek*m_MP -> 0 | E54: =E39*c_slupek*m_MP -> 0 | F54: =F39*c_slupek*m_MP -> 0 | G54: =G39*c_slupek*m_MP -> 0 | I54: =I39*c_slupek*m_MP -> 0 | J54: =J39*c_slupek*m_MP -> 0 | K54: =K39*c_slupek*m_MP -> 0 | L54: =L39*c_slupek*m_MP -> 0 | M54: =M39*c_slupek*m_MP -> 0 | N54: =N39*c_slupek*m_MP -> 0
B55: Paliwo | D55: =D52/100*ROUNDUP(c_spalanie*c_paliwo,0) -> 113 | E55: =E52/100*ROUNDUP(c_spalanie*c_paliwo,0) -> 113 | F55: =F52/100*ROUNDUP(c_spalanie*c_paliwo,0) -> 113 | G55: =G52/100*ROUNDUP(c_spalanie*c_paliwo,0) -> 113 | I55: =I52/100*ROUNDUP(c_spalanie*c_paliwo,0) -> 113 | J55: =J52/100*ROUNDUP(c_spalanie*c_paliwo,0) -> 113 | K55: =K52/100*ROUNDUP(c_spalanie*c_paliwo,0) -> 113 | L55: =L52/100*ROUNDUP(c_spalanie*c_paliwo,0) -> 113 | M55: =M52/100*ROUNDUP(c_spalanie*c_paliwo,0) -> 113 | N55: =N52/100*ROUNDUP(c_spalanie*c_paliwo,0) -> 113
B56: Hotel | D56: =IF(e_krk,0,c_hotel*(D51+1)*D40) -> 1040 | E56: =IF(e_krk,0,c_hotel*(E51+1)*E40) -> 1040 | F56: =IF(e_krk,0,c_hotel*(F51+1)*F40) -> 1040 | G56: =IF(e_krk,0,c_hotel*(G51+1)*G40) -> 1040 | I56: =IF(e_krk,0,c_hotel*(I51+1)*I40) -> 520 | J56: =IF(e_krk,0,c_hotel*(J51+1)*J40) -> 780 | K56: =IF(e_krk,0,c_hotel*(K51+1)*K40) -> 1040 | L56: =IF(e_krk,0,c_hotel*(L51+1)*L40) -> 1300 | M56: =IF(e_krk,0,c_hotel*(M51+1)*M40) -> 1560 | N56: =IF(e_krk,0,c_hotel*(N51+1)*N40) -> 1820
B57: Transport TIR | D57: =in_tir_cena*in_tir -> 0 | E57: =in_tir_cena*in_tir -> 0 | F57: =in_tir_cena*in_tir -> 0 | G57: =in_tir_cena*in_tir -> 0 | I57: =in_tir_cena*in_tir -> 0 | J57: =in_tir_cena*in_tir -> 0 | K57: =in_tir_cena*in_tir -> 0 | L57: =in_tir_cena*in_tir -> 0 | M57: =in_tir_cena*in_tir -> 0 | N57: =in_tir_cena*in_tir -> 0
B58: Spider Crane | D58: =c_dzwig*e_dzw_dni -> 0 | E58: =c_dzwig*e_dzw_dni -> 0 | F58: =c_dzwig*e_dzw_dni -> 0 | G58: =c_dzwig*e_dzw_dni -> 0 | I58: =c_dzwig*e_dzw_dni -> 0 | J58: =c_dzwig*e_dzw_dni -> 0 | K58: =c_dzwig*e_dzw_dni -> 0 | L58: =c_dzwig*e_dzw_dni -> 0 | M58: =c_dzwig*e_dzw_dni -> 0 | N58: =c_dzwig*e_dzw_dni -> 0
B59: Rozładunek (sprzęt) | D59: =in_rozl_cena*in_tir -> 0 | E59: =in_rozl_cena*in_tir -> 0 | F59: =in_rozl_cena*in_tir -> 0 | G59: =in_rozl_cena*in_tir -> 0 | I59: =in_rozl_cena*in_tir -> 0 | J59: =in_rozl_cena*in_tir -> 0 | K59: =in_rozl_cena*in_tir -> 0 | L59: =in_rozl_cena*in_tir -> 0 | M59: =in_rozl_cena*in_tir -> 0 | N59: =in_rozl_cena*in_tir -> 0
B60: Rozładunek (ludzie) | D60: =D41*e_rozl_dni*D40 -> 0 | E60: =E41*e_rozl_dni*E40 -> 0 | F60: =F41*e_rozl_dni*F40 -> 0 | G60: =G41*e_rozl_dni*G40 -> 0 | I60: =I41*e_rozl_dni*I40 -> 0 | J60: =J41*e_rozl_dni*J40 -> 0 | K60: =K41*e_rozl_dni*K40 -> 0 | L60: =L41*e_rozl_dni*L40 -> 0 | M60: =M41*e_rozl_dni*M40 -> 0 | N60: =N41*e_rozl_dni*N40 -> 0
B61: Dojazdy (ludzie) | D61: =D41*(D49-D40*e_rozl_dni) -> 280 | E61: =E41*(E49-E40*e_rozl_dni) -> 280 | F61: =F41*(F49-F40*e_rozl_dni) -> 280 | G61: =G41*(G49-G40*e_rozl_dni) -> 280 | I61: =I41*(I49-I40*e_rozl_dni) -> 157.5 | J61: =J41*(J49-J40*e_rozl_dni) -> 218.75 | K61: =K41*(K49-K40*e_rozl_dni) -> 280 | L61: =L41*(L49-L40*e_rozl_dni) -> 341.25 | M61: =M41*(M49-M40*e_rozl_dni) -> 402.5 | N61: =N41*(N49-N40*e_rozl_dni) -> 463.75
B62: Montaż | D62: =IF(D48>0,D41*D42,0) -> 0 | E62: =IF(E48>0,E41*E42,0) -> 0 | F62: =IF(F48>0,F41*F42,0) -> 0 | G62: =IF(G48>0,G41*G42,0) -> 0 | I62: =IF(I48>0,I41*I42,0) -> 0 | J62: =IF(J48>0,J41*J42,0) -> 0 | K62: =IF(K48>0,K41*K42,0) -> 0 | L62: =IF(L48>0,L41*L42,0) -> 0 | M62: =IF(M48>0,M41*M42,0) -> 0 | N62: =IF(N48>0,N41*N42,0) -> 0
B63: Diety | D63: =IF(e_krk,0,c_dieta*D50) -> 31.5 | E63: =IF(e_krk,0,c_dieta*E50) -> 31.5 | F63: =IF(e_krk,0,c_dieta*F50) -> 31.5 | G63: =IF(e_krk,0,c_dieta*G50) -> 31.5 | I63: =IF(e_krk,0,c_dieta*I50) -> 15.75 | J63: =IF(e_krk,0,c_dieta*J50) -> 23.625 | K63: =IF(e_krk,0,c_dieta*K50) -> 31.5 | L63: =IF(e_krk,0,c_dieta*L50) -> 39.375 | M63: =IF(e_krk,0,c_dieta*M50) -> 47.25 | N63: =IF(e_krk,0,c_dieta*N50) -> 55.125
B64: Suma kosztów przed narzutami | D64: =SUM(D53:D63) -> 1464.5 | E64: =SUM(E53:E63) -> 1464.5 | F64: =SUM(F53:F63) -> 1464.5 | G64: =SUM(G53:G63) -> 1464.5 | I64: =SUM(I53:I63) -> 806.25 | J64: =SUM(J53:J63) -> 1135.375 | K64: =SUM(K53:K63) -> 1464.5 | L64: =SUM(L53:L63) -> 1793.625 | M64: =SUM(M53:M63) -> 2122.75 | N64: =SUM(N53:N63) -> 2451.875
B65: Podstawa narzutów | D65: =D64/(1-(c_kob+c_gdw+in_zysk)) -> 1733.1361 | E65: =E64/(1-(c_kob+c_gdw+in_zysk)) -> 1733.1361 | F65: =F64/(1-(c_kob+c_gdw+in_zysk)) -> 1733.1361 | G65: =G64/(1-(c_kob+c_gdw+in_zysk)) -> 1733.1361 | I65: =I64/(1-(c_kob+c_gdw+in_zysk)) -> 954.14201 | J65: =J64/(1-(c_kob+c_gdw+in_zysk)) -> 1343.6391 | K65: =K64/(1-(c_kob+c_gdw+in_zysk)) -> 1733.1361 | L65: =L64/(1-(c_kob+c_gdw+in_zysk)) -> 2122.6331 | M65: =M64/(1-(c_kob+c_gdw+in_zysk)) -> 2512.1302 | N65: =N64/(1-(c_kob+c_gdw+in_zysk)) -> 2901.6272
B66: KOB | D66: =D65*c_kob -> 8.6656805 | E66: =E65*c_kob -> 8.6656805 | F66: =F65*c_kob -> 8.6656805 | G66: =G65*c_kob -> 8.6656805 | I66: =I65*c_kob -> 4.7707101 | J66: =J65*c_kob -> 6.7181953 | K66: =K65*c_kob -> 8.6656805 | L66: =L65*c_kob -> 10.613166 | M66: =M65*c_kob -> 12.560651 | N66: =N65*c_kob -> 14.508136
B67: GDW | D67: =D65*c_gdw -> 43.328402 | E67: =E65*c_gdw -> 43.328402 | F67: =F65*c_gdw -> 43.328402 | G67: =G65*c_gdw -> 43.328402 | I67: =I65*c_gdw -> 23.85355 | J67: =J65*c_gdw -> 33.590976 | K67: =K65*c_gdw -> 43.328402 | L67: =L65*c_gdw -> 53.065828 | M67: =M65*c_gdw -> 62.803254 | N67: =N65*c_gdw -> 72.54068
B68: Zysk | D68: =D65*in_zysk -> 216.64201 | E68: =E65*in_zysk -> 216.64201 | F68: =F65*in_zysk -> 216.64201 | G68: =G65*in_zysk -> 216.64201 | I68: =I65*in_zysk -> 119.26775 | J68: =J65*in_zysk -> 167.95488 | K68: =K65*in_zysk -> 216.64201 | L68: =L65*in_zysk -> 265.32914 | M68: =M65*in_zysk -> 314.01627 | N68: =N65*in_zysk -> 362.7034
B69: Podatek | D69: =c_podatek*(D60+D61+D62+D63+D67+D68) -> 80.005858 | E69: =c_podatek*(E60+E61+E62+E63+E67+E68) -> 80.005858 | F69: =c_podatek*(F60+F61+F62+F63+F67+F68) -> 80.005858 | G69: =c_podatek*(G60+G61+G62+G63+G67+G68) -> 80.005858 | I69: =c_podatek*(I60+I61+I62+I63+I67+I68) -> 44.291982 | J69: =c_podatek*(J60+J61+J62+J63+J67+J68) -> 62.14892 | K69: =c_podatek*(K60+K61+K62+K63+K67+K68) -> 80.005858 | L69: =c_podatek*(L60+L61+L62+L63+L67+L68) -> 97.862796 | M69: =c_podatek*(M60+M61+M62+M63+M67+M68) -> 115.71973 | N69: =c_podatek*(N60+N61+N62+N63+N67+N68) -> 133.57667
B70: CENA KONTRAKTU NETTO (dawne K39) | D70: =D65+D69 -> 1813.142 | E70: =E65+E69 -> 1813.142 | F70: =F65+F69 -> 1813.142 | G70: =G65+G69 -> 1813.142 | I70: =I65+I69 -> 998.43399 | J70: =J65+J69 -> 1405.788 | K70: =K65+K69 -> 1813.142 | L70: =L65+L69 -> 2220.4959 | M70: =M65+M69 -> 2627.8499 | N70: =N65+N69 -> 3035.2039
B71: Koszt rzeczywisty (dawne K43) | D71: =D70-D68 -> 1596.4999 | E71: =E70-E68 -> 1596.4999 | F71: =F70-F68 -> 1596.4999 | G71: =G70-G68 -> 1596.4999 | I71: =I70-I68 -> 879.16624 | J71: =J70-J68 -> 1237.8331 | K71: =K70-K68 -> 1596.4999 | L71: =L70-L68 -> 1955.1668 | M71: =M70-M68 -> 2313.8336 | N71: =N70-N68 -> 2672.5005
B72: Cena za MP | D72: =IF(m_MP>0,D70/m_MP,0) -> 0 | E72: =IF(m_MP>0,E70/m_MP,0) -> 0 | F72: =IF(m_MP>0,F70/m_MP,0) -> 0 | G72: =IF(m_MP>0,G70/m_MP,0) -> 0 | I72: =IF(m_MP>0,I70/m_MP,0) -> 0 | J72: =IF(m_MP>0,J70/m_MP,0) -> 0 | K72: =IF(m_MP>0,K70/m_MP,0) -> 0 | L72: =IF(m_MP>0,L70/m_MP,0) -> 0 | M72: =IF(m_MP>0,M70/m_MP,0) -> 0 | N72: =IF(m_MP>0,N70/m_MP,0) -> 0
B73: Cena za MP [EUR] | D73: =D72/in_eur -> 0 | E73: =E72/in_eur -> 0 | F73: =F72/in_eur -> 0 | G73: =G72/in_eur -> 0 | I73: =I72/in_eur -> 0 | J73: =J72/in_eur -> 0 | K73: =K72/in_eur -> 0 | L73: =L72/in_eur -> 0 | M73: =M72/in_eur -> 0 | N73: =N72/in_eur -> 0
B74: Cena minimalna: podstawa narzutów | D74: =(D64-D58+c_dzwig_alt*e_dzw_dni)/(1-(c_kob+c_gdw+in_zysk_min)) -> 1683.3333 | E74: =(E64-E58+c_dzwig_alt*e_dzw_dni)/(1-(c_kob+c_gdw+in_zysk_min)) -> 1683.3333 | F74: =(F64-F58+c_dzwig_alt*e_dzw_dni)/(1-(c_kob+c_gdw+in_zysk_min)) -> 1683.3333 | G74: =(G64-G58+c_dzwig_alt*e_dzw_dni)/(1-(c_kob+c_gdw+in_zysk_min)) -> 1683.3333 | I74: =(I64-I58+c_dzwig_alt*e_dzw_dni)/(1-(c_kob+c_gdw+in_zysk_min)) -> 926.72414 | J74: =(J64-J58+c_dzwig_alt*e_dzw_dni)/(1-(c_kob+c_gdw+in_zysk_min)) -> 1305.0287 | K74: =(K64-K58+c_dzwig_alt*e_dzw_dni)/(1-(c_kob+c_gdw+in_zysk_min)) -> 1683.3333 | L74: =(L64-L58+c_dzwig_alt*e_dzw_dni)/(1-(c_kob+c_gdw+in_zysk_min)) -> 2061.6379 | M74: =(M64-M58+c_dzwig_alt*e_dzw_dni)/(1-(c_kob+c_gdw+in_zysk_min)) -> 2439.9425 | N74: =(N64-N58+c_dzwig_alt*e_dzw_dni)/(1-(c_kob+c_gdw+in_zysk_min)) -> 2818.2471
B75: CENA MINIMALNA (zysk do sprawdzenia, dźwig 2000) | D75: =D74+c_podatek*(D60+D61+D62+D63+D74*(c_gdw+in_zysk_min)) -> 1756.4017 | E75: =E74+c_podatek*(E60+E61+E62+E63+E74*(c_gdw+in_zysk_min)) -> 1756.4017 | F75: =F74+c_podatek*(F60+F61+F62+F63+F74*(c_gdw+in_zysk_min)) -> 1756.4017 | G75: =G74+c_podatek*(G60+G61+G62+G63+G74*(c_gdw+in_zysk_min)) -> 1756.4017 | I75: =I74+c_podatek*(I60+I61+I62+I63+I74*(c_gdw+in_zysk_min)) -> 967.19681 | J75: =J74+c_podatek*(J60+J61+J62+J63+J74*(c_gdw+in_zysk_min)) -> 1361.7992 | K75: =K74+c_podatek*(K60+K61+K62+K63+K74*(c_gdw+in_zysk_min)) -> 1756.4017 | L75: =L74+c_podatek*(L60+L61+L62+L63+L74*(c_gdw+in_zysk_min)) -> 2151.0041 | M75: =M74+c_podatek*(M60+M61+M62+M63+M74*(c_gdw+in_zysk_min)) -> 2545.6065 | N75: =N74+c_podatek*(N60+N61+N62+N63+N74*(c_gdw+in_zysk_min)) -> 2940.209
