Workbook

Sheet Dane
B2: KALKULATOR NK38 - DANE WEJŚCIOWE
B3: Wypełniasz tylko żółte pola. Puste pole = 0. Wynik: arkusz Podsumowanie.
B5: 1. Inwestycja
B6: Nazwa / adres inwestycji | C6: ul. Kasprowicza 18 Warszawa
B7: Data oferty
B8: Nr oferty / handlowiec | C8: 20261014-SNK
B9: Opis / wariant (H, L, P, Hpoj ...)
B11: 2. Lokalizacja
B12: Lokalizacja | C12: Poza Krakowem | E12: Kraków: montaż liczony w dniach, bez hotelu i diet
B13: Odległość montażu od Krakowa [km, w jedną stronę] | C13: 330
B14: Odległość pomiary / odbiory [km] (puste = jak wyżej) | C14: 280 | E14: W pliku WAW: pomiary 280 km, montaż 330 km
B16: 3. Urządzenia
B17: Typ urządzenia | C17: NK38
B18: Platformy pojedyncze S (2 MP) | C18: 0
B19: Platformy podwójne D (4 MP) | C19: 15
B20: Systemy dla N.P. (2 MP) | C20: 0
B21: Agregaty | C21: 3 | E21: 1 agregat do 6 platform
B22: Magistrala EXTRA [odcinki 6 m] | C22: 4
B23: Barierki [szt. na stronę] | C23: 30
B24: Maskownice / bariery tylne | C24: 5
B26: 4. Wymiary niestandardowe (ile platform danego typu)
C27: S | D27: D | E27: Pozostałe platformy = wymiar standardowy
B28: Zagłębienie 175 cm | C28: 0 | D28: 0
B29: Zagłębienie 180 cm | C29: 0 | D29: 0
B30: Zagłębienie 185 cm | C30: 0 | D30: 0
B31: Zagłębienie 190 cm | C31: 0 | D31: 0
B32: Zagłębienie 195 cm | C32: 0 | D32: 0
B33: Zagłębienie 200 cm | C33: 0 | D33: 15
B34: Zagłębienie 210 cm | C34: 0 | D34: 0
B35: Zagłębienie 220 cm | C35: 0 | D35: 0
B36: Zagłębienie 225 cm | C36: 0 | D36: 0
B37: Zagłębienie 170 cm (standard) - wyliczone | C37: =in_S-SUM(in_gl_S) -> 0 | D37: =in_D-SUM(in_gl_D) -> 0
B38: Szerokość 260 (S) / 520 (D) | C38: 0 | D38: 0
B39: Szerokość 270 (S) / 540 (D) | C39: 0 | D39: 0
B40: Długość zagłębienia 500-510 cm | C40: 0 | D40: 0
B41: Długość zagłębienia 540 cm | C41: 0 | D41: 0
B42: Długość zagłębienia 550 cm | C42: 0 | D42: 0
B44: 5. Transport i ekipa
B45: Liczba transportów (TIR) | C45: 3
B46: Cena transportu / TIR | C46: 4000 | E46: Podpowiedź w Cenniku: KRK 1600, WAW/WRO 3300, POZ/ZG 4500
B47: Rozładunek - sprzęt / TIR | C47: 1700 | E47: WAW 1700, KRK 500
B48: Dni rozładunku (puste = 0,5 / TIR)
B49: Tygodnie (lub dni w Krakowie) montażu - ręcznie | E49: Puste = wyliczane automatycznie (dawne B55)
B50: Stawki dzienne monterów (puste = brak osoby)
B51: Monter 1 | C51: 500 | E51: Ceny dla Ukraińców
B52: Monter 2 | C52: 400
B53: Monter 3 | C53: 350
B54: Monter 4 | C54: 350
B55: Monter 5
B56: Monter 6
B57: Monter 7
B59: 6. Narzuty i kurs
B60: Zysk (udział w cenie) | C60: 0.125
B61: Zysk - wariant minimalny (dawny 'rabat nadzw.') | C61: 0.1
B62: Dopłata za Q=2500 kg | C62: 0.06 | E62: WAW 6%, KRK 7%
B63: Kurs EUR/PLN | C63: 4.325
B65: Kontrola danych
B66: =IF(OR(C37<0,D37<0),"BŁĄD: więcej zagłębień niż platform","ok") -> ok
B67: =IF(in_szer1_S+in_szer2_S>in_S,"BŁĄD: więcej szerokości S niż platform S",IF(in_szer1_D+in_szer2_D>in_D,"BŁĄD: więcej szerokości D niż platform D","ok")) -> ok
B68: =IF(in_dl500_S+in_dl540_S+in_dl550_S>in_S,"BŁĄD: więcej długości S niż platform S",IF(in_dl500_D+in_dl540_D+in_dl550_D>in_D,"BŁĄD: więcej długości D niż platform D","ok")) -> ok
B69: =IF(in_agregaty*6<in_S+in_D+in_NP,"UWAGA: mniej niż 1 agregat na 6 platform","ok") -> ok
B70: =IF(MAX(in_km,C_kmpom)>=800,"UWAGA: >=800 km - formuła czasu podróży nie uwzględnia liczby wyjazdów","ok") -> ok
B71: =IF(in_tir=0,"UWAGA: brak transportów","ok") -> ok

Sheet Podsumowanie
B2: PODSUMOWANIE OFERTY NK38
B3: =in_nazwa&" | "&IF(ISBLANK(in_data),"",TEXT(in_data,"yyyy-mm-dd"))&" | "&in_nr -> ul. Kasprowicza 18 Warszawa | | 20261014-SNK
B4: =in_typ&" "&IF(in_S>0,in_S&"xS ","")&IF(in_D>0,in_D&"xD ","")&IF(in_NP>0,in_NP&"xNP ","")&in_agregaty&"xA | "&m_MP&" MP | "&in_lok -> NK38 15xD 3xA | 60 MP | Poza Krakowem
B6: Wariant | C6: 2000 kg | D6: 2500 kg | E6: 2000 kg + słupki | F6: 2500 kg + słupki
B7: CENA KONTRAKTU NETTO | C7: =Obliczenia!D67 -> 951980.82 | D7: =Obliczenia!E67 -> 999035.72 | E7: =Obliczenia!F67 -> 1095544.9 | F7: =Obliczenia!G67 -> 1142599.8
B8: Cena za miejsce postojowe | C8: =Obliczenia!D69 -> 15866.347 | D8: =Obliczenia!E69 -> 16650.595 | E8: =Obliczenia!F69 -> 18259.082 | F8: =Obliczenia!G69 -> 19043.33
B9: Cena za MP [EUR] | C9: =Obliczenia!D70 -> 3668.5195 | D9: =Obliczenia!E70 -> 3849.8486 | E9: =Obliczenia!F70 -> 4221.753 | F9: =Obliczenia!G70 -> 4403.0821
B10: Cena minimalna (zysk min., dźwig 2000) | C10: =Obliczenia!D73 -> 920388.54 | D10: =Obliczenia!E73 -> 965934.62 | E10: =Obliczenia!F73 -> 1059401.3 | F10: =Obliczenia!G73 -> 1104947.4
B11: Zysk | C11: =Obliczenia!D65 -> 115264.99 | D11: =Obliczenia!E65 -> 121025.88 | E11: =Obliczenia!F65 -> 132642.47 | F11: =Obliczenia!G65 -> 138403.36
B12: Koszt rzeczywisty | C12: =Obliczenia!D68 -> 836715.83 | D12: =Obliczenia!E68 -> 878009.84 | E12: =Obliczenia!F68 -> 962902.43 | F12: =Obliczenia!G68 -> 1004196.4
B14: Urządzenia (materiały) | C14: =Obliczenia!D49 -> 649059.6 | D14: =Obliczenia!E49 -> 688003.18 | E14: =Obliczenia!F49 -> 649059.6 | F14: =Obliczenia!G49 -> 688003.18
B15: Słupki e-ładowarek | C15: =Obliczenia!D50 -> 0 | D15: =Obliczenia!E50 -> 0 | E15: =Obliczenia!F50 -> 102000 | F15: =Obliczenia!G50 -> 102000
B16: Transport, dźwig, rozładunek | C16: =Obliczenia!D53+Obliczenia!D55+Obliczenia!D56 -> 24300 | D16: =Obliczenia!E53+Obliczenia!E55+Obliczenia!E56 -> 24300 | E16: =Obliczenia!F53+Obliczenia!F55+Obliczenia!F56 -> 24300 | F16: =Obliczenia!G53+Obliczenia!G55+Obliczenia!G56 -> 24300
B17: Robocizna (montaż, rozładunek, dojazdy) | C17: =Obliczenia!D59+Obliczenia!D57+Obliczenia!D58 -> 67392.32 | D17: =Obliczenia!E59+Obliczenia!E57+Obliczenia!E58 -> 67392.32 | E17: =Obliczenia!F59+Obliczenia!F57+Obliczenia!F58 -> 77824.64 | F17: =Obliczenia!G59+Obliczenia!G57+Obliczenia!G58 -> 77824.64
B18: Hotel, diety, paliwo | C18: =Obliczenia!D52+Obliczenia!D60+Obliczenia!D51 -> 38439.436 | D18: =Obliczenia!E52+Obliczenia!E60+Obliczenia!E51 -> 38439.436 | E18: =Obliczenia!F52+Obliczenia!F60+Obliczenia!F51 -> 43478.872 | F18: =Obliczenia!G52+Obliczenia!G60+Obliczenia!G51 -> 43478.872
B19: KOB + GDW + podatek | C19: =Obliczenia!D63+Obliczenia!D64+Obliczenia!D66 -> 57524.471 | D19: =Obliczenia!E63+Obliczenia!E64+Obliczenia!E66 -> 59874.912 | E19: =Obliczenia!F63+Obliczenia!F64+Obliczenia!F66 -> 66239.316 | F19: =Obliczenia!G63+Obliczenia!G64+Obliczenia!G66 -> 68589.757
B21: Dni pracy ekipy | C21: =Obliczenia!D47 -> 43 | D21: =Obliczenia!E47 -> 43 | E21: =Obliczenia!F47 -> 49 | F21: =Obliczenia!G47 -> 49
B22: Tygodnie / dni montażu (wyjazdy) | C22: =Obliczenia!D44 -> 9 | D22: =Obliczenia!E44 -> 9 | E22: =Obliczenia!F44 -> 10 | F22: =Obliczenia!G44 -> 10
B23: Osobodni razem | C23: =Obliczenia!D46 -> 168.4808 | D23: =Obliczenia!E46 -> 168.4808 | E23: =Obliczenia!F46 -> 194.5616 | F23: =Obliczenia!G46 -> 194.5616
B25: Informacyjnie (poza ceną)
B26: Malowanie proszkowe RAL | C26: =m_malowanie -> 208500
B27: Słupki 22 kW zamiast 3,7 kW (cena słupków) | C27: =m_slupki22 -> 378000
B28: Konserwacja roczna (40 / 45 / 50 zł/MP/mies.) | C28: =TEXT(c_konserw*m_MP*12,"#,##0")&" / "&TEXT(c_konserw2*m_MP*12,"#,##0")&" / "&TEXT(c_konserw3*m_MP*12,"#,##0")&" zł" -> 28,800 / 32,400 / 36,000 zł
B29: Przegląd półroczny (40 / 45 / 50 zł/MP/mies. x 6) | C29: =TEXT(c_konserw*m_MP*6,"#,##0")&" / "&TEXT(c_konserw2*m_MP*6,"#,##0")&" / "&TEXT(c_konserw3*m_MP*6,"#,##0")&" zł" -> 14,400 / 16,200 / 18,000 zł
B31: Kontrola danych: | C31: =IF(COUNTIF(Dane!B66:B71,"ok")=6,"wszystko ok","sprawdź arkusz Dane") -> wszystko ok

Sheet Cennik
B2: CENNIK I STAŁE KALKULACYJNE NK38
B3: Zmiana ceny tutaj działa we wszystkich formułach. Kolumna E = skąd wartość pochodzi w starym arkuszu.
B5: Platformy
B6: Platforma podwójna NK38-500-170-530 (4 MP) | C6: 32500 | E6: NK38!E32
B7: Dopłata za NK37 / system | C7: 700 | E7: NK38!F1
B8: Cena S jako ułamek ceny D | C8: 0.61 | E8: NK38!F3
B9: Cena systemu N.P. jako ułamek ceny D | C9: 0.85 | E9: NK38!E27
B10: Szerokość S 260 cm | C10: 1170 | E10: NK38!E8
B11: Szerokość S 270 cm | C11: 1560 | E11: NK38!E9
B12: Szerokość D 520 cm | C12: 1820 | E12: NK38!E34
B13: Szerokość D 540 cm | C13: 3110 | E13: NK38!E35
B14: Długość zagłębienia 500-510 cm | C14: 2340 | E14: NK38!E21/E47
B15: Dopłata za 1 cm długości (ułamek ceny platformy) | C15: 0.00127 | E15: NK38!E22 (4 kg/cm z 3150 kg)
B16: Dopłata Q=2500 kg (domyślnie, nadpisz w Dane) | C16: 0.06 | E16: NK38!D90
B17: Hydraulika
B18: Agregat 11,5 l/min (do 6 platform) | C18: 6500 | E18: NK38!E56
B19: Olej 150 l / agregat | C19: 1500 | E19: NK38!D134
B20: Elementy drobne / agregat | C20: 200 | E20: NK38!D135
B21: Transport agregatu | C21: 500 | E21: NK38!F57
B22: Transport siłowników / platformę | C22: 50 | E22: NK38!F57
B23: Siłownik standard (zagł. 170) | C23: 1080 | E23: NK38!D130
B24: Siłownik do zagł. 2000 | C24: 1175 | E24: NK38!D129
B25: Siłownik do zagł. 2250 | C25: 1250 | E25: NK38!D128
B26: Magistrala EXTRA / 6 m | C26: =0.2*11+0.4*11+2*14+6*11+6*5+6*10 -> 190.6 | E26: NK38!D133
B27: Barierki, elektryka, administracja
B28: Barierka na stronę (Metazet 538 zł) | C28: 600 | E28: NK38!E66
B29: Maskownica / bariera tylna (Metazet 608 zł) | C29: 700 | E29: NK38!E67
B30: Elektryka - skrzynka zasilająca / agregat | C30: 1000 | E30: NK38!D121
B31: Administracja, koszty biura / agregat | C31: 1800 | E31: NK38!D125
B32: Opcje (poza ceną standard)
B33: Malowanie proszkowe RAL - system S | C33: 6400 | E33: NK38!E92
B34: Malowanie proszkowe RAL - system D / NP | C34: 13500 | E34: NK38!E93
B35: Malowanie barierki na stronę | C35: 200 | E35: NK38!E94
B36: Słupek e-ładowarki do 3,7 kW / MP | C36: 1700 | E36: NK38!E97, KAL!O55
B37: Słupek e-ładowarki do 22 kW / MP | C37: 6300 | E37: NK38!E98
B38: Robocizna słupka (roboczodni / MP) | C38: 0.37 | E38: KAL!B49
B39: Montaż - pracochłonność
B40: Osobodni montażu / system S | C40: 5.5 | E40: KAL!F16
B41: Osobodni montażu / system D | C41: 7 | E41: KAL!F16
B42: Osobodni montażu / system NP | C42: 7 | E42: KAL!F17
B43: Osobodni / magistrala 6 m ("tonaż") | C43: 0.5 | E43: KAL!B48
B44: Osobodni / barierka lub maskownica ("tonaż") | C44: 0.5 | E44: KAL!B48
B45: Dni rozładunku / TIR | C45: 0.5 | E45: KAL!E55 (komentarz)
B46: Spider Crane / dzień | C46: 2400 | E46: KAL!I25
B47: Spider Crane / dzień - wariant minimalny | C47: 2000 | E47: KAL!M25
B48: Systemów D na 1 dzień dźwigu | C48: 5 | E48: KAL!J25
B49: Współczynnik S względem D (dźwig) | C49: 0.6 | E49: KAL!J25
B50: Dni montażu w tygodniu (wyjazd = tydzień) | C50: 5 | E50: B55 = J39/5
B51: Montaż - koszty ekipy
B52: Dieta dzienna (za granicą 49 €) | C52: 45 | E52: KAL!J57
B53: Hotel / doba / osoba | C53: 130 | E53: KAL!J58
B54: Spalanie auta ekipy l/100 km | C54: 12 | E54: KAL!I19
B55: Cena paliwa zł/l | C55: 9.4 | E55: KAL!I19
B56: Pomiary - liczba osób (1 wyjazd) | C56: 1 | E56: KAL!F53
B57: Odbiory - liczba osób (1 wyjazd) | C57: 2 | E57: KAL!F58
B58: Narzuty
B59: KOB (udział w cenie) | C59: 0.005 | E59: KAL!J35
B60: GDW (udział w cenie) | C60: 0.025 | E60: KAL!J36
B61: Podatek od robocizny, diet, GDW i zysku | C61: 0.14 | E61: KAL!J37
B62: Serwis (informacyjnie)
B63: Konserwacja zł / MP / miesiąc (wariant 1) | C63: 40 | E63: KAL!I45
B64: Konserwacja zł / MP / miesiąc (wariant 2) | C64: 45 | E64: KAL!L45
B65: Konserwacja zł / MP / miesiąc (wariant 3) | C65: 50 | E65: KAL!N45
B67: Zagłębienia (standard 170 cm - bez dopłaty, siłownik 1700)
B68: Zagłębienie [cm] | C68: Dopłata | D68: Siłownik
B69: 175 | C69: 0 | D69: 2000
B70: 180 | C70: 500 | D70: 2000
B71: 185 | C71: 550 | D71: 2000
B72: 190 | C72: 600 | D72: 2000
B73: 195 | C73: 650 | D73: 2000
B74: 200 | C74: 700 | D74: 2000
B75: 210 | C75: 750 | D75: 2250
B76: 220 | C76: 800 | D76: 2250
B77: 225 | C77: 850 | D77: 2250
B79: Składowe platformy (na 1 platformę; N.P. liczone jak S)
B80: Pozycja | C80: Cena jedn. | D80: Ilość na S | E80: Ilość na D | F80: Grupa
B81: Łańcuch 20B-1 (mb) | C81: 45 | D81: 9.6 | E81: 9.6 | F81: Mechanika
B82: Ogniwo złączne proste 20B-1 | C82: 8 | D82: 4 | E82: 4 | F82: Mechanika
B83: Koło łańcuchowe z piastą 20B-1 Z10 | C83: 36 | D83: 2 | E83: 2 | F83: Mechanika
B84: Koło łańcuchowe z piastą 20B-1 Z16 | C84: 90 | D84: 2 | E84: 2 | F84: Mechanika
B85: Listwa zębata M4 | C85: 207.28 | D85: 2 | E85: 2 | F85: Mechanika
B86: Koło zębate z piastą M4 Z20 | C86: 40.14 | D86: 2 | E86: 2 | F86: Mechanika
B87: Tuleja PAF40x260P10 | C87: 3.3 | D87: 2 | E87: 2 | F87: Mechanika
B88: Tuleja PAF 5025 P10 | C88: 10.8 | D88: 2 | E88: 2 | F88: Mechanika
B89: Tuleja TBR40x44x50 | C89: 10.95 | D89: 2 | E89: 2 | F89: Mechanika
B90: Podkładka PTFE 50,5x69x2 | C90: 3.81 | D90: 2 | E90: 2 | F90: Mechanika
B91: Podkładka PTFE 42x66x1,5 | C91: 2.84 | D91: 4 | E91: 4 | F91: Mechanika
B92: Tuleja PAF40x400P10 | C92: 4.4 | D92: 4 | E92: 4 | F92: Mechanika
B93: Podkładki gumowe pod stopę siłownika i słup (kpl) | C93: =2*25.71+2*22.85 -> 97.12 | D93: 1 | E93: 1 | F93: Mechanika
B94: Śruby i elementy złączne - kpl S | C94: 345 | D94: 1 | E94: 0 | F94: Mechanika
B95: Śruby i elementy złączne - kpl D | C95: 546 | D95: 0 | E95: 1 | F95: Mechanika
B96: Tulejki podłogi | C96: 2.98 | D96: 110 | E96: 208 | F96: Mechanika
B97: Kotwa M16 + ampułka | C97: =3.09+4.99 -> 8.08 | D97: 20 | E97: 20 | F97: Mechanika
B98: Podkładki gumowe pod kotwy (kpl) | C98: 5.4 | D98: 1 | E98: 1 | F98: Mechanika
B99: Transport materiałów (bez MTZ) | C99: 300 | D99: 1 | E99: 1 | F99: Mechanika
B100: Ogranicznik koła | C100: 40 | D100: 1 | E100: 1 | F100: Mechanika
B101: Rurki gotowe na platformie - S | C101: 172 | D101: 1 | E101: 0 | F101: Hydraulika
B102: Rurki gotowe na platformie - D | C102: 207 | D102: 0 | E102: 1 | F102: Hydraulika
B103: Elementy złączne Argo Hytos + magistrala 5 mb + wąż | C103: =120+55+65 -> 240 | D103: 1 | E103: 1 | F103: Hydraulika
B104: Elektryka - skrzynka krosowa | C104: =50+40 -> 90 | D104: 1 | E104: 1 | F104: Elektryka
...

Sheet Obliczenia
B2: OBLICZENIA (nie edytować)
B4: A. Materiały i urządzenia (dawny arkusz 'NK38 ...')
B5: Cena platformy D | C5: =c_cena_D+IF(in_typ="NK37",c_doplata_NK37,0) -> 32500
B6: Cena platformy S | C6: =c_wsp_S*m_cena_D -> 19825
B7: Cena systemu N.P. | C7: =c_wsp_NP*m_cena_D -> 27625
B8: Platformy S + N.P. (do składowych) | C8: =in_S+in_NP -> 0
B9: Razem platform | C9: =in_S+in_D+in_NP -> 15
B10: Miejsca postojowe | C10: =2*in_S+2*in_NP+4*in_D -> 60
B11: Platformy S z dopłatami | C11: =m_cena_S*in_S+c_szer_260*in_szer1_S+c_szer_270*in_szer2_S+SUMPRODUCT(in_gl_S,t_gl_doplata)+c_dl_500*in_dl500_S+CEILING(m_cena_S*c_dl_wsp*10,100)*in_dl540_S+CEILING(m_cena_S*c_dl_wsp*20,100)*in_dl550_S -> 0
B12: Platformy D z dopłatami | C12: =m_cena_D*in_D+c_szer_520*in_szer1_D+c_szer_540*in_szer2_D+SUMPRODUCT(in_gl_D,t_gl_doplata)+c_dl_500*in_dl500_D+m_cena_D*c_dl_wsp*10*in_dl540_D+m_cena_D*c_dl_wsp*20*in_dl550_D -> 498000
B13: Platformy N.P. | C13: =m_cena_NP*in_NP -> 0
B14: Siłowniki 2000 [szt. par] | C14: =SUMPRODUCT((t_gl_silownik=2000)*(in_gl_S+in_gl_D)) -> 15
B15: Siłowniki 2250 [szt. par] | C15: =SUMPRODUCT((t_gl_silownik=2250)*(in_gl_S+in_gl_D)) -> 0
B16: Siłowniki standard [szt. par] (N.P. pominięte jak w starym) | C16: =in_S+in_D-m_sil_2000-m_sil_2250 -> 0
B17: Hydraulika | C17: =in_agregaty*(c_agregat+c_hydr_drobne+c_olej+c_transp_agregatu)+m_platformy*c_transp_silownikow+2*(c_sil_1700*m_sil_std+c_sil_2000*m_sil_2000+c_sil_2250*m_sil_2250)+in_magistrala*c_magistrala+SUMPRODUCT((t_sk_grupa="Hydraulika")*t_sk_cena*(t_sk_S*m_SN+t_sk_D*in_D)) -> 69567.4
B18: Barierki i maskownice | C18: =in_barierki*c_barierka+in_maskownice*c_maskownica -> 21500
B19: Elektryka | C19: =in_agregaty*c_skrzynka_zasil+SUMPRODUCT((t_sk_grupa="Elektryka")*t_sk_cena*(t_sk_S*m_SN+t_sk_D*in_D)) -> 8580
B20: Mechanika zakupowa i pozostałe | C20: =in_agregaty*c_admin+SUMPRODUCT((t_sk_grupa="Mechanika")*t_sk_cena*(t_sk_S*m_SN+t_sk_D*in_D)) -> 51412.2
B21: SUMA STANDARD Q=2000 (dawne F87) | C21: =m_plat_S+m_plat_D+m_plat_NP+m_hydraulika+m_barierki+m_elektryka+m_mechanika -> 649059.6
B22: SUMA Q=2500 (dawne F90) | C22: =m_suma_2000*(1+in_q2500) -> 688003.18
B23: Opcja: malowanie proszkowe RAL (poza sumą) | C23: =c_mal_S*in_S+c_mal_D*(in_D+in_NP)+c_mal_bar*in_barierki -> 208500
B24: Opcja: słupki 22 kW (poza sumą) | C24: =c_slupek22*m_MP -> 378000
B25: "Tonaż" - dodatkowe osobodni (magistrala, barierki) | C25: =ROUNDUP(in_magistrala*c_osd_magistrala+(in_barierki+in_maskownice)*c_osd_barierka,0) -> 20
B27: Odległość pomiary/odbiory [km] | C27: =IF(ISBLANK(in_km_pom),in_km,in_km_pom) -> 280
B28: Osoby na montażu | C28: =MAX(1,COUNTIF(in_stawki,">0")) -> 4
B29: Średnia stawka dzienna | C29: =SUM(in_stawki)/e_osoby -> 400
B30: Dni rozładunku | C30: =IF(ISBLANK(in_rozl_dni),c_rozl_TIR*in_tir,in_rozl_dni) -> 1.5
B31: Kraków? | C31: =in_lok="Kraków" -> FALSE
B32: Czas podróży pomiary + odbiory [osobodni] | C32: =(c_pomiary_osoby+c_odbiory_osoby)*IF(C_kmpom<800,(1+0.1*(800-C_kmpom)/100)*C_kmpom*1/500,C_kmpom/800) -> 2.5536
B34: B. Montaż (dawny arkusz '<Inwestycja>-NK38') - warianty w kolumnach
B35: Wariant | D35: 2000 kg | E35: 2500 kg | F35: 2000 kg + słupki | G35: 2500 kg + słupki
B36: Q=2500? (1/0) | D36: 0 | E36: 1 | F36: 0 | G36: 1
B37: Słupki e-ładowarek? (1/0) | D37: 0 | E37: 0 | F37: 1 | G37: 1
B38: Osobodni montażu (dawne F50) | D38: =c_osd_S*in_S+c_osd_D*in_D+c_osd_NP*in_NP+m_tonaz+D37*c_slupek_rbd*m_MP -> 125 | E38: =c_osd_S*in_S+c_osd_D*in_D+c_osd_NP*in_NP+m_tonaz+E37*c_slupek_rbd*m_MP -> 125 | F38: =c_osd_S*in_S+c_osd_D*in_D+c_osd_NP*in_NP+m_tonaz+F37*c_slupek_rbd*m_MP -> 147.2 | G38: =c_osd_S*in_S+c_osd_D*in_D+c_osd_NP*in_NP+m_tonaz+G37*c_slupek_rbd*m_MP -> 147.2
B39: Iteracja 1: tygodnie / dni montażu | D39: =IF(e_krk,CEILING((D38+(e_podr_pom+e_osoby*(e_rozl_dni+IF(in_km<800,(1+0.1*(800-in_km)/100)*in_km*1/500,in_km/800))))/e_osoby,1),CEILING(CEILING((D38+(e_podr_pom+e_osoby*(e_rozl_dni+IF(in_km<800,(1+0.1*(800-in_km)/100)*in_km*1/500,in_km/800))))/e_osoby,1)/c_dni_tydzien,1)) -> 7 | E39: =IF(e_krk,CEILING((E38+(e_podr_pom+e_osoby*(e_rozl_dni+IF(in_km<800,(1+0.1*(800-in_km)/100)*in_km*1/500,in_km/800))))/e_osoby,1),CEILING(CEILING((E38+(e_podr_pom+e_osoby*(e_rozl_dni+IF(in_km<800,(1+0.1*(800-in_km)/100)*in_km*1/500,in_km/800))))/e_osoby,1)/c_dni_tydzien,1)) -> 7 | F39: =IF(e_krk,CEILING((F38+(e_podr_pom+e_osoby*(e_rozl_dni+IF(in_km<800,(1+0.1*(800-in_km)/100)*in_km*1/500,in_km/800))))/e_osoby,1),CEILING(CEILING((F38+(e_podr_pom+e_osoby*(e_rozl_dni+IF(in_km<800,(1+0.1*(800-in_km)/100)*in_km*1/500,in_km/800))))/e_osoby,1)/c_dni_tydzien,1)) -> 8 | G39: =IF(e_krk,CEILING((G38+(e_podr_pom+e_osoby*(e_rozl_dni+IF(in_km<800,(1+0.1*(800-in_km)/100)*in_km*1/500,in_km/800))))/e_osoby,1),CEILING(CEILING((G38+(e_podr_pom+e_osoby*(e_rozl_dni+IF(in_km<800,(1+0.1*(800-in_km)/100)*in_km*1/500,in_km/800))))/e_osoby,1)/c_dni_tydzien,1)) -> 8
B40: Iteracja 2: tygodnie / dni montażu | D40: =IF(e_krk,CEILING((D38+(e_podr_pom+e_osoby*(e_rozl_dni+IF(in_km<800,(1+0.1*(800-in_km)/100)*in_km*D39/500,in_km/800))))/e_osoby,1),CEILING(CEILING((D38+(e_podr_pom+e_osoby*(e_rozl_dni+IF(in_km<800,(1+0.1*(800-in_km)/100)*in_km*D39/500,in_km/800))))/e_osoby,1)/c_dni_tydzien,1)) -> 9 | E40: =IF(e_krk,CEILING((E38+(e_podr_pom+e_osoby*(e_rozl_dni+IF(in_km<800,(1+0.1*(800-in_km)/100)*in_km*E39/500,in_km/800))))/e_osoby,1),CEILING(CEILING((E38+(e_podr_pom+e_osoby*(e_rozl_dni+IF(in_km<800,(1+0.1*(800-in_km)/100)*in_km*E39/500,in_km/800))))/e_osoby,1)/c_dni_tydzien,1)) -> 9 | F40: =IF(e_krk,CEILING((F38+(e_podr_pom+e_osoby*(e_rozl_dni+IF(in_km<800,(1+0.1*(800-in_km)/100)*in_km*F39/500,in_km/800))))/e_osoby,1),CEILING(CEILING((F38+(e_podr_pom+e_osoby*(e_rozl_dni+IF(in_km<800,(1+0.1*(800-in_km)/100)*in_km*F39/500,in_km/800))))/e_osoby,1)/c_dni_tydzien,1)) -> 10 | G40: =IF(e_krk,CEILING((G38+(e_podr_pom+e_osoby*(e_rozl_dni+IF(in_km<800,(1+0.1*(800-in_km)/100)*in_km*G39/500,in_km/800))))/e_osoby,1),CEILING(CEILING((G38+(e_podr_pom+e_osoby*(e_rozl_dni+IF(in_km<800,(1+0.1*(800-in_km)/100)*in_km*G39/500,in_km/800))))/e_osoby,1)/c_dni_tydzien,1)) -> 10
B41: Iteracja 3: tygodnie / dni montażu | D41: =IF(e_krk,CEILING((D38+(e_podr_pom+e_osoby*(e_rozl_dni+IF(in_km<800,(1+0.1*(800-in_km)/100)*in_km*D40/500,in_km/800))))/e_osoby,1),CEILING(CEILING((D38+(e_podr_pom+e_osoby*(e_rozl_dni+IF(in_km<800,(1+0.1*(800-in_km)/100)*in_km*D40/500,in_km/800))))/e_osoby,1)/c_dni_tydzien,1)) -> 9 | E41: =IF(e_krk,CEILING((E38+(e_podr_pom+e_osoby*(e_rozl_dni+IF(in_km<800,(1+0.1*(800-in_km)/100)*in_km*E40/500,in_km/800))))/e_osoby,1),CEILING(CEILING((E38+(e_podr_pom+e_osoby*(e_rozl_dni+IF(in_km<800,(1+0.1*(800-in_km)/100)*in_km*E40/500,in_km/800))))/e_osoby,1)/c_dni_tydzien,1)) -> 9 | F41: =IF(e_krk,CEILING((F38+(e_podr_pom+e_osoby*(e_rozl_dni+IF(in_km<800,(1+0.1*(800-in_km)/100)*in_km*F40/500,in_km/800))))/e_osoby,1),CEILING(CEILING((F38+(e_podr_pom+e_osoby*(e_rozl_dni+IF(in_km<800,(1+0.1*(800-in_km)/100)*in_km*F40/500,in_km/800))))/e_osoby,1)/c_dni_tydzien,1)) -> 10 | G41: =IF(e_krk,CEILING((G38+(e_podr_pom+e_osoby*(e_rozl_dni+IF(in_km<800,(1+0.1*(800-in_km)/100)*in_km*G40/500,in_km/800))))/e_osoby,1),CEILING(CEILING((G38+(e_podr_pom+e_osoby*(e_rozl_dni+IF(in_km<800,(1+0.1*(800-in_km)/100)*in_km*G40/500,in_km/800))))/e_osoby,1)/c_dni_tydzien,1)) -> 10
B42: Iteracja 4: tygodnie / dni montażu | D42: =IF(e_krk,CEILING((D38+(e_podr_pom+e_osoby*(e_rozl_dni+IF(in_km<800,(1+0.1*(800-in_km)/100)*in_km*D41/500,in_km/800))))/e_osoby,1),CEILING(CEILING((D38+(e_podr_pom+e_osoby*(e_rozl_dni+IF(in_km<800,(1+0.1*(800-in_km)/100)*in_km*D41/500,in_km/800))))/e_osoby,1)/c_dni_tydzien,1)) -> 9 | E42: =IF(e_krk,CEILING((E38+(e_podr_pom+e_osoby*(e_rozl_dni+IF(in_km<800,(1+0.1*(800-in_km)/100)*in_km*E41/500,in_km/800))))/e_osoby,1),CEILING(CEILING((E38+(e_podr_pom+e_osoby*(e_rozl_dni+IF(in_km<800,(1+0.1*(800-in_km)/100)*in_km*E41/500,in_km/800))))/e_osoby,1)/c_dni_tydzien,1)) -> 9 | F42: =IF(e_krk,CEILING((F38+(e_podr_pom+e_osoby*(e_rozl_dni+IF(in_km<800,(1+0.1*(800-in_km)/100)*in_km*F41/500,in_km/800))))/e_osoby,1),CEILING(CEILING((F38+(e_podr_pom+e_osoby*(e_rozl_dni+IF(in_km<800,(1+0.1*(800-in_km)/100)*in_km*F41/500,in_km/800))))/e_osoby,1)/c_dni_tydzien,1)) -> 10 | G42: =IF(e_krk,CEILING((G38+(e_podr_pom+e_osoby*(e_rozl_dni+IF(in_km<800,(1+0.1*(800-in_km)/100)*in_km*G41/500,in_km/800))))/e_osoby,1),CEILING(CEILING((G38+(e_podr_pom+e_osoby*(e_rozl_dni+IF(in_km<800,(1+0.1*(800-in_km)/100)*in_km*G41/500,in_km/800))))/e_osoby,1)/c_dni_tydzien,1)) -> 10
B43: Iteracja 5: tygodnie / dni montażu | D43: =IF(e_krk,CEILING((D38+(e_podr_pom+e_osoby*(e_rozl_dni+IF(in_km<800,(1+0.1*(800-in_km)/100)*in_km*D42/500,in_km/800))))/e_osoby,1),CEILING(CEILING((D38+(e_podr_pom+e_osoby*(e_rozl_dni+IF(in_km<800,(1+0.1*(800-in_km)/100)*in_km*D42/500,in_km/800))))/e_osoby,1)/c_dni_tydzien,1)) -> 9 | E43: =IF(e_krk,CEILING((E38+(e_podr_pom+e_osoby*(e_rozl_dni+IF(in_km<800,(1+0.1*(800-in_km)/100)*in_km*E42/500,in_km/800))))/e_osoby,1),CEILING(CEILING((E38+(e_podr_pom+e_osoby*(e_rozl_dni+IF(in_km<800,(1+0.1*(800-in_km)/100)*in_km*E42/500,in_km/800))))/e_osoby,1)/c_dni_tydzien,1)) -> 9 | F43: =IF(e_krk,CEILING((F38+(e_podr_pom+e_osoby*(e_rozl_dni+IF(in_km<800,(1+0.1*(800-in_km)/100)*in_km*F42/500,in_km/800))))/e_osoby,1),CEILING(CEILING((F38+(e_podr_pom+e_osoby*(e_rozl_dni+IF(in_km<800,(1+0.1*(800-in_km)/100)*in_km*F42/500,in_km/800))))/e_osoby,1)/c_dni_tydzien,1)) -> 10 | G43: =IF(e_krk,CEILING((G38+(e_podr_pom+e_osoby*(e_rozl_dni+IF(in_km<800,(1+0.1*(800-in_km)/100)*in_km*G42/500,in_km/800))))/e_osoby,1),CEILING(CEILING((G38+(e_podr_pom+e_osoby*(e_rozl_dni+IF(in_km<800,(1+0.1*(800-in_km)/100)*in_km*G42/500,in_km/800))))/e_osoby,1)/c_dni_tydzien,1)) -> 10
B44: Tygodnie (lub dni w Krakowie) montażu - przyjęte (dawne B55) | D44: =IF(ISBLANK(in_wyjazdy),D43,in_wyjazdy) -> 9 | E44: =IF(ISBLANK(in_wyjazdy),E43,in_wyjazdy) -> 9 | F44: =IF(ISBLANK(in_wyjazdy),F43,in_wyjazdy) -> 10 | G44: =IF(ISBLANK(in_wyjazdy),G43,in_wyjazdy) -> 10
B45: Osobodni podróży i rozładunku (dawne G59) | D45: =(e_podr_pom+e_osoby*(e_rozl_dni+IF(in_km<800,(1+0.1*(800-in_km)/100)*in_km*D44/500,in_km/800))) -> 43.4808 | E45: =(e_podr_pom+e_osoby*(e_rozl_dni+IF(in_km<800,(1+0.1*(800-in_km)/100)*in_km*E44/500,in_km/800))) -> 43.4808 | F45: =(e_podr_pom+e_osoby*(e_rozl_dni+IF(in_km<800,(1+0.1*(800-in_km)/100)*in_km*F44/500,in_km/800))) -> 47.3616 | G45: =(e_podr_pom+e_osoby*(e_rozl_dni+IF(in_km<800,(1+0.1*(800-in_km)/100)*in_km*G44/500,in_km/800))) -> 47.3616
B46: Osobodni razem (montaż + podróże) | D46: =D38+D45 -> 168.4808 | E46: =E38+E45 -> 168.4808 | F46: =F38+F45 -> 194.5616 | G46: =G38+G45 -> 194.5616
B47: Dni kalendarzowe pracy ekipy (dawne J39) | D47: =CEILING(D46/e_osoby,1) -> 43 | E47: =CEILING(E46/e_osoby,1) -> 43 | F47: =CEILING(F46/e_osoby,1) -> 49 | G47: =CEILING(G46/e_osoby,1) -> 49
B48: Kilometry razem (auto ekipy) | D48: =2*(in_km*D44+2*C_kmpom) -> 7060 | E48: =2*(in_km*E44+2*C_kmpom) -> 7060 | F48: =2*(in_km*F44+2*C_kmpom) -> 7720 | G48: =2*(in_km*G44+2*C_kmpom) -> 7720
B49: Urządzenia (materiały) | D49: =IF(D36=1,m_suma_2500,m_suma_2000) -> 649059.6 | E49: =IF(E36=1,m_suma_2500,m_suma_2000) -> 688003.18 | F49: =IF(F36=1,m_suma_2500,m_suma_2000) -> 649059.6 | G49: =IF(G36=1,m_suma_2500,m_suma_2000) -> 688003.18
B50: Słupki e-ładowarek | D50: =D37*c_slupek*m_MP -> 0 | E50: =E37*c_slupek*m_MP -> 0 | F50: =F37*c_slupek*m_MP -> 102000 | G50: =G37*c_slupek*m_MP -> 102000
B51: Paliwo | D51: =D48/100*ROUNDUP(c_spalanie*c_paliwo,0) -> 7977.8 | E51: =E48/100*ROUNDUP(c_spalanie*c_paliwo,0) -> 7977.8 | F51: =F48/100*ROUNDUP(c_spalanie*c_paliwo,0) -> 8723.6 | G51: =G48/100*ROUNDUP(c_spalanie*c_paliwo,0) -> 8723.6
B52: Hotel | D52: =IF(e_krk,0,c_hotel*(CEILING(D46/e_osoby,1)+1)*e_osoby) -> 22880 | E52: =IF(e_krk,0,c_hotel*(CEILING(E46/e_osoby,1)+1)*e_osoby) -> 22880 | F52: =IF(e_krk,0,c_hotel*(CEILING(F46/e_osoby,1)+1)*e_osoby) -> 26000 | G52: =IF(e_krk,0,c_hotel*(CEILING(G46/e_osoby,1)+1)*e_osoby) -> 26000
B53: Transport TIR | D53: =in_tir_cena*in_tir -> 12000 | E53: =in_tir_cena*in_tir -> 12000 | F53: =in_tir_cena*in_tir -> 12000 | G53: =in_tir_cena*in_tir -> 12000
B54: Dni dźwigu | D54: =ROUNDUP(in_D/c_dzwig_D+(in_S+in_NP)*c_dzwig_wspS/c_dzwig_D,0) -> 3 | E54: =ROUNDUP(in_D/c_dzwig_D+(in_S+in_NP)*c_dzwig_wspS/c_dzwig_D,0) -> 3 | F54: =ROUNDUP(in_D/c_dzwig_D+(in_S+in_NP)*c_dzwig_wspS/c_dzwig_D,0) -> 3 | G54: =ROUNDUP(in_D/c_dzwig_D+(in_S+in_NP)*c_dzwig_wspS/c_dzwig_D,0) -> 3
B55: Spider Crane | D55: =c_dzwig*D54 -> 7200 | E55: =c_dzwig*E54 -> 7200 | F55: =c_dzwig*F54 -> 7200 | G55: =c_dzwig*G54 -> 7200
B56: Rozładunek (sprzęt) | D56: =in_rozl_cena*in_tir -> 5100 | E56: =in_rozl_cena*in_tir -> 5100 | F56: =in_rozl_cena*in_tir -> 5100 | G56: =in_rozl_cena*in_tir -> 5100
B57: Rozładunek (ludzie) | D57: =e_stawka*e_rozl_dni*e_osoby -> 2400 | E57: =e_stawka*e_rozl_dni*e_osoby -> 2400 | F57: =e_stawka*e_rozl_dni*e_osoby -> 2400 | G57: =e_stawka*e_rozl_dni*e_osoby -> 2400
B58: Dojazdy (ludzie) | D58: =e_stawka*(D45-e_osoby*e_rozl_dni) -> 14992.32 | E58: =e_stawka*(E45-e_osoby*e_rozl_dni) -> 14992.32 | F58: =e_stawka*(F45-e_osoby*e_rozl_dni) -> 16544.64 | G58: =e_stawka*(G45-e_osoby*e_rozl_dni) -> 16544.64
B59: Montaż | D59: =IF(D44>0,e_stawka*D38,0) -> 50000 | E59: =IF(E44>0,e_stawka*E38,0) -> 50000 | F59: =IF(F44>0,e_stawka*F38,0) -> 58880 | G59: =IF(G44>0,e_stawka*G38,0) -> 58880
B60: Diety | D60: =IF(e_krk,0,c_dieta*D46) -> 7581.636 | E60: =IF(e_krk,0,c_dieta*E46) -> 7581.636 | F60: =IF(e_krk,0,c_dieta*F46) -> 8755.272 | G60: =IF(e_krk,0,c_dieta*G46) -> 8755.272
B61: Suma kosztów przed narzutami | D61: =SUM(D49:D60)-D54 -> 779191.36 | E61: =SUM(E49:E60)-E54 -> 818134.93 | F61: =SUM(F49:F60)-F54 -> 896663.11 | G61: =SUM(G49:G60)-G54 -> 935606.69
B62: Podstawa narzutów | D62: =D61/(1-(c_kob+c_gdw+in_zysk)) -> 922119.95 | E62: =E61/(1-(c_kob+c_gdw+in_zysk)) -> 968207.02 | F62: =F61/(1-(c_kob+c_gdw+in_zysk)) -> 1061139.8 | G62: =G61/(1-(c_kob+c_gdw+in_zysk)) -> 1107226.8
B63: KOB | D63: =D62*c_kob -> 4610.5997 | E63: =E62*c_kob -> 4841.0351 | F63: =F62*c_kob -> 5305.6989 | G63: =G62*c_kob -> 5536.1342
B64: GDW | D64: =D62*c_gdw -> 23052.999 | E64: =E62*c_gdw -> 24205.176 | F64: =F62*c_gdw -> 26528.494 | G64: =G62*c_gdw -> 27680.671
B65: Zysk | D65: =D62*in_zysk -> 115264.99 | E65: =E62*in_zysk -> 121025.88 | F65: =F62*in_zysk -> 132642.47 | G65: =G62*in_zysk -> 138403.36
B66: Podatek | D66: =c_podatek*(D57+D58+D59+D60+D64+D65) -> 29860.873 | E66: =c_podatek*(E57+E58+E59+E60+E64+E65) -> 30828.701 | F66: =c_podatek*(F57+F58+F59+F60+F64+F65) -> 34405.123 | G66: =c_podatek*(G57+G58+G59+G60+G64+G65) -> 35372.952
B67: CENA KONTRAKTU NETTO (dawne K39) | D67: =D61+D63+D64+D65+D66 -> 951980.82 | E67: =E61+E63+E64+E65+E66 -> 999035.72 | F67: =F61+F63+F64+F65+F66 -> 1095544.9 | G67: =G61+G63+G64+G65+G66 -> 1142599.8
B68: Koszt rzeczywisty (dawne K43) | D68: =D67-D65 -> 836715.83 | E68: =E67-E65 -> 878009.84 | F68: =F67-F65 -> 962902.43 | G68: =G67-G65 -> 1004196.4
B69: Cena za MP | D69: =IF(m_MP>0,D67/m_MP,0) -> 15866.347 | E69: =IF(m_MP>0,E67/m_MP,0) -> 16650.595 | F69: =IF(m_MP>0,F67/m_MP,0) -> 18259.082 | G69: =IF(m_MP>0,G67/m_MP,0) -> 19043.33
B70: Cena za MP [EUR] | D70: =D69/in_eur -> 3668.5195 | E70: =E69/in_eur -> 3849.8486 | F70: =F69/in_eur -> 4221.753 | G70: =G69/in_eur -> 4403.0821
B71: Wariant minimalny: koszty przed narzutami | D71: =D61-D55+c_dzwig_alt*D54 -> 777991.36 | E71: =E61-E55+c_dzwig_alt*E54 -> 816934.93 | F71: =F61-F55+c_dzwig_alt*F54 -> 895463.11 | G71: =G61-G55+c_dzwig_alt*G54 -> 934406.69
B72: Wariant minimalny: podstawa narzutów | D72: =D71/(1-(c_kob+c_gdw+in_zysk_min)) -> 894242.94 | E72: =E71/(1-(c_kob+c_gdw+in_zysk_min)) -> 939005.67 | F72: =F71/(1-(c_kob+c_gdw+in_zysk_min)) -> 1029267.9 | G72: =G71/(1-(c_kob+c_gdw+in_zysk_min)) -> 1074030.7
B73: CENA MINIMALNA (zysk minimalny, dźwig 2000) | D73: =D72*(1+c_podatek*(c_gdw+in_zysk_min))+c_podatek*(D57+D58+D59+D60) -> 920388.54 | E73: =E72*(1+c_podatek*(c_gdw+in_zysk_min))+c_podatek*(E57+E58+E59+E60) -> 965934.62 | F73: =F72*(1+c_podatek*(c_gdw+in_zysk_min))+c_podatek*(F57+F58+F59+F60) -> 1059401.3 | G73: =G72*(1+c_podatek*(c_gdw+in_zysk_min))+c_podatek*(G57+G58+G59+G60) -> 1104947.4
